rank,word,occurrences (ppm),lemma forms
6001,investigador,10,investigador
6002,fan,10,fan
6003,falsos,10,falso
6004,echarle,10,echar
6005,dire,10,decir
6006,cuide,10,cuidar
6007,comemos,10,comer
6008,transmisor,10,transmisor
6009,servido,10,servido servir
6010,salchichas,10,salchicha
6011,récord,10,record
6012,raíces,10,raíz
6013,propongo,10,proponer
6014,oficinas,10,oficina
6015,neo,10,neo neón
6016,navegar,10,navegar
6017,llevarnos,10,llevar
6018,lastima,10,lastima lástima
6019,granero,10,granero
6020,ginebra,10,ginebra
6021,evidencias,10,evidencia
6022,enseñarme,10,enseñar
6023,dejaras,10,dejar
6024,dañado,10,dañado dañar
6025,cuentes,10,contar
6026,bandas,10,banda
6027,avancen,10,avanzar
6028,ángulo,10,ángulo
6029,ancianos,10,anciano
6030,activado,10,activado activar
6031,acceder,10,acceder
6032,varón,10,varón
6033,sociales,10,social
6034,sake,10,sake
6035,recuperado,10,recuperado recuperar
6036,quedarán,10,quedar
6037,porfavor,10,por favor
6038,navaja,10,navaja
6039,muñeco,10,muñeco
6040,milord,10,milord
6041,manchas,10,mancha manchar
6042,escuchamos,10,escuchar
6043,entremos,10,entrar
6044,cosmos,10,cosmos
6045,conservar,10,conservar
6046,condesa,10,condesa
6047,ataúd,10,ataúd
6048,antena,10,antena
6049,anciana,10,anciano anciana
6050,ademas,10,además
6051,toro,10,toro
6052,subido,10,subido subir
6053,sígame,10,seguir
6054,recoge,10,recoger
6055,quemando,10,quemar
6056,preguntaré,10,preguntar
6057,pondría,10,poner
6058,pensión,10,pensión
6059,panel,10,panel
6060,muriera,10,morir
6061,llegarás,10,llegar
6062,inversión,10,inversión
6063,hablen,10,hablar
6064,geniales,10,genial
6065,genética,10,genética genético
6066,funciones,10,función
6067,enfermería,10,enfermería
6068,destruye,10,destruir
6069,destruirlo,10,destruir
6070,cargamento,10,cargamento
6071,calmado,10,calmado calmar
6072,cabe,10,caber
6073,billete,10,billete
6074,asustó,10,asustar
6075,aparecen,10,aparecer
6076,aléjese,10,alejar
6077,recuperación,10,recuperación
6078,portada,10,portada portado portar
6079,mojado,10,mojado mojar
6080,método,10,método
6081,masiva,10,masivo
6082,martillo,10,martillo martillar
6083,hospitales,10,hospital
6084,hallaron,10,hallar
6085,hallamos,10,hallar
6086,fax,10,fax
6087,exacta,10,exacto
6088,estrés,10,estrés
6089,empezaste,10,empezar
6090,echaron,10,echar
6091,cuidados,10,cuidado cuidar
6092,creíste,10,creer
6093,conteste,10,contestar
6094,avisar,10,avisar
6095,atraparon,10,atrapar
6096,viaja,10,viajar
6097,terrorismo,10,terrorismo
6098,tarado,10,tarado
6099,salchicha,10,salchicha
6100,pum,10,pum
6101,peste,10,peste
6102,niego,10,negar
6103,morgue,10,morgue
6104,misteriosa,10,misterioso
6105,miseria,10,miseria
6106,mantenimiento,10,mantenimiento
6107,malentendido,10,malentendido
6108,justamente,10,justamente
6109,iniciar,10,iniciar
6110,escondiendo,10,esconder
6111,cambiaste,10,cambiar
6112,caerá,10,caer
6113,bóveda,10,bóveda
6114,billetera,10,billetera
6115,amamos,10,amar
6116,unirse,10,unir
6117,soltera,10,soltera soltero
6118,mesas,10,mesa
6119,marte,10,marte
6120,logra,10,lograr
6121,indican,10,indicar
6122,imagínate,10,imaginar
6123,gusanos,10,gusano
6124,grabación,10,grabación
6125,fuegos,10,fuego
6126,firmada,10,firmado firmar
6127,experiencias,10,experiencia
6128,editor,10,editor
6129,asilo,10,asilo
6130,venid,9,venir
6131,vendrías,9,venir
6132,utiliza,9,utilizar
6133,tórax,9,tórax
6134,significan,9,significar
6135,saludo,9,saludo saludar
6136,ordenado,9,ordenado ordenar
6137,dales,9,dar
6138,cuchillos,9,cuchillo
6139,beba,9,beber
6140,barril,9,barril
6141,algodón,9,algodón
6142,ajedrez,9,ajedrez
6143,acostarte,9,acostar
6144,reno,9,reno
6145,llévenselo,9,llevar
6146,ligero,9,ligero
6147,inusual,9,inusual
6148,gases,9,gas
6149,estadio,9,estadio
6150,desee,9,desear
6151,convención,9,convención
6152,circuito,9,circuito
6153,azar,9,azar
6154,atrapa,9,atrapar
6155,asumo,9,asumir
6156,test,9,test
6157,termines,9,terminar
6158,reunir,9,reunir
6159,posee,9,poseer
6160,lenta,9,lento
6161,kilo,9,kilo kilogramo
6162,inyección,9,inyección
6163,ingeniero,9,ingeniero
6164,entres,9,entrar
6165,drama,9,drama
6166,derrotar,9,derrotar
6167,dedica,9,dedicar
6168,criado,9,criado criar
6169,consuelo,9,consuelo consolar
6170,conocidos,9,conocido conocer
6171,comeré,9,comer
6172,calzoncillos,9,calzoncillo
6173,calmate,9,calmar
6174,bobo,9,bobo
6175,bastantes,9,bastante
6176,bajado,9,bajado bajar
6177,ayudarles,9,ayudar
6178,afecto,9,afecto afectar
6179,recto,9,recto
6180,rebelión,9,rebelión
6181,pinturas,9,pintura
6182,murio,9,morir
6183,grabar,9,grabar
6184,durar,9,durar
6185,culpables,9,culpable
6186,cómico,9,cómico
6187,bendita,9,bendito
6188,artificial,9,artificial
6189,agradecer,9,agradecer
6190,adelantado,9,adelantado
6191,acabemos,9,acabar
6192,valen,9,valer
6193,talentos,9,talento
6194,separado,9,separado separar
6195,pusimos,9,poner
6196,menú,9,menú
6197,manténganse,9,mantener
6198,juguemos,9,jugar
6199,gral,9,Gral. general
6200,demora,9,demora demorar
6201,democracia,9,democracia
6202,cuelga,9,colgar
6203,cruzado,9,cruzado cruzar
6204,cristiano,9,cristiano
6205,caramelo,9,caramelo
6206,aprieta,9,apretar
6207,tomarlo,9,tomar
6208,tarta,9,tarta
6209,tales,9,tal
6210,supremo,9,supremo
6211,solucionar,9,solucionar
6212,sensores,9,sensor
6213,retrato,9,retrato retratar
6214,prometida,9,prometido prometer
6215,pagarle,9,pagar
6216,musica,9,música
6217,mejorando,9,mejorar
6218,granada,9,Granada granada granado granar
6219,espléndido,9,espléndido
6220,creando,9,crear
6221,billar,9,billar
6222,acercan,9,acercar
6223,yardas,9,yarda
6224,volvía,9,volver
6225,vehículos,9,vehículo
6226,tejido,9,tejido tejer
6227,signo,9,signo
6228,saturación,9,saturación
6229,picnic,9,picnic
6230,multa,9,multa multar
6231,lloviendo,9,llover
6232,literatura,9,literatura
6233,ire,9,ir
6234,enviamos,9,enviar
6235,cortas,9,cortar
6236,corren,9,correr
6237,congelado,9,congelado congelar
6238,comprobar,9,comprobar
6239,camarero,9,camarero
6240,bajos,9,bajo
6241,actualmente,9,actualmente
6242,turistas,9,turista
6243,sumamente,9,sumamente
6244,perderá,9,perder
6245,pagamos,9,pagar
6246,ovejas,9,oveja
6247,novias,9,novia
6248,muñecas,9,muñeca
6249,maní,9,maní
6250,madrina,9,madrina
6251,llevarás,9,llevar
6252,instintos,9,instinto
6253,hacíamos,9,hacer
6254,enseñé,9,enseñar
6255,conseguirlo,9,conseguir
6256,carbón,9,carbón
6257,avanzado,9,avanzado avanzar
6258,avance,9,avance avanzar
6259,autógrafo,9,autógrafo
6260,aumentar,9,aumentar
6261,aplauso,9,aplauso
6262,viuda,9,viuda viudo
6263,vacías,9,vacío
6264,universal,9,universal
6265,trabaje,9,trabajar
6266,tómala,9,tomar
6267,sorprendió,9,sorprender
6268,ríes,9,reír
6269,pulmón,9,pulmón
6270,próximas,9,próximo
6271,orcos,9,orco
6272,mezcla,9,mezcla mezclar
6273,meto,9,meter
6274,inglesa,9,inglés
6275,independencia,9,independencia
6276,huésped,9,huésped
6277,extrañar,9,extrañar
6278,encantar,9,encantar
6279,destruyendo,9,destruir
6280,corresponde,9,corresponder
6281,correctamente,9,correctamente
6282,coco,9,coco
6283,asustando,9,asustar
6284,administrador,9,administrador
6285,abogada,9,abogada
6286,tierno,9,tierno
6287,soledad,9,soledad
6288,recuerdes,9,recordar
6289,pope,9,pope
6290,perderemos,9,perder
6291,osos,9,oso
6292,oírte,9,oír
6293,escribiste,9,escribir
6294,depresión,9,depresión
6295,caramelos,9,caramelo
6296,basado,9,basado basar
6297,aventuras,9,aventura aventurar
6298,aumenta,9,aumentar
6299,amada,9,amado amar
6300,agotado,9,agotado agotar
6301,agarré,9,agarrar
6302,trabajador,9,trabajador
6303,rodar,9,rodar
6304,repite,9,repetir
6305,recordaré,9,recordar
6306,llover,9,llover
6307,entendió,9,entender
6308,contactar,9,contactar
6309,agradecería,9,agradecer
6310,usaré,9,usar
6311,tomaba,9,tomar
6312,sujétate,9,sujetar
6313,sospechas,9,sospecha sospechar
6314,soplón,9,soplón
6315,sándwich,9,sándwich
6316,reunido,9,reunido reunir
6317,prepare,9,preparar
6318,norteamericanos,9,norteamericano
6319,hallado,9,hallado hallar
6320,gustaban,9,gustar
6321,festival,9,festival
6322,eventos,9,evento
6323,escriba,9,escribir
6324,escogió,9,escoger
6325,demuestra,9,demostrar
6326,déjelo,9,dejar
6327,barata,9,barato barata
6328,banquete,9,banquete
6329,arreglos,9,arreglo
6330,alcanzado,9,alcanzado alcanzar
6331,acostarme,9,acostar
6332,sentiste,9,sentir
6333,plomo,9,plomo
6334,perdería,9,perder
6335,noté,9,notar
6336,fuí,9,ir ser
6337,destruida,9,destruido
6338,desperdicio,9,desperdicio
6339,conveniente,9,conveniente
6340,apártense,9,apartar
6341,amarilla,9,amarillo
6342,agarren,9,agarrar
6343,yate,9,yate
6344,vendré,9,venir
6345,soportarlo,9,soportar
6346,sencilla,9,sencillo
6347,regresaremos,9,regresar
6348,regimiento,9,regimiento
6349,quitarte,9,quitar
6350,ponme,9,poner
6351,peleamos,9,pelear
6352,muevanse,9,mover
6353,manicomio,9,manicomio
6354,lesbiana,9,lesbiana
6355,juzgado,9,juzgado juzgar
6356,jugaba,9,jugar
6357,inventó,9,inventar
6358,injusto,9,injusto
6359,farsa,9,farsa
6360,estribor,9,estribor
6361,esencial,9,esencial
6362,encontraba,9,encontrar
6363,conjunto,9,conjunto
6364,comprendido,9,comprendido comprender
6365,comercio,9,comercio comerciar
6366,chau,9,chau
6367,cazas,9,caza cazar
6368,atado,9,atado atar
6369,alimentos,9,alimento
6370,vagón,9,vagón
6371,tranquilidad,9,tranquilidad
6372,torta,9,torta
6373,similar,9,similar
6374,quedaste,9,quedar
6375,mandaron,9,mandar
6376,hondo,9,hondo
6377,haciéndolo,9,hacer
6378,gripe,9,gripe
6379,dirigen,9,dirigir
6380,diferencias,9,diferencia
6381,calibre,9,calibre
6382,botes,9,botar bote
6383,borrar,9,borrar
6384,asquerosa,9,asqueroso
6385,apague,9,apagar
6386,ahh,9,ahh
6387,abismo,9,abismo
6388,zoológico,9,zoológico
6389,salvación,9,salvación
6390,querrán,9,querer
6391,propiedades,9,propiedad
6392,permita,9,permitir
6393,llevaste,9,llevar
6394,llenas,9,lleno
6395,invento,9,invento inventar
6396,inferior,9,inferior
6397,huéspedes,9,huésped
6398,hoteles,9,hotel
6399,gigantes,9,gigante
6400,flujo,9,flujo
6401,esperábamos,9,esperar
6402,encantaba,9,encantar
6403,ebrio,9,ebrio
6404,dormí,9,dormir
6405,decides,9,decidir
6406,cobertura,9,cobertura
6407,cigarro,9,cigarro
6408,acepte,9,aceptar
6409,traía,9,traer
6410,terminemos,9,terminar
6411,seguirás,9,seguir
6412,reconocí,9,reconocer
6413,proxima,9,próximo
6414,ponle,9,poner
6415,plasma,9,plasma
6416,monitor,9,monitor
6417,lunar,9,lunar
6418,escucharlo,9,escuchar
6419,descarga,9,descarga descargar
6420,cuidaré,9,cuidar
6421,cometiendo,9,cometer
6422,centímetros,9,centímetro
6423,capturado,9,capturado capturar
6424,ardiente,9,ardiente
6425,usaremos,9,usar
6426,traten,9,tratar
6427,terminaron,9,terminar
6428,sacaremos,9,sacar
6429,rodando,9,rodar
6430,renuncio,9,renuncio renunciar
6431,recomiendo,9,recomendar
6432,ponía,9,poner
6433,policias,9,policía
6434,papeleo,9,papeleo
6435,novios,9,novio
6436,medicación,9,medicación
6437,fu,9,kung fu fu
6438,escenas,9,escena
6439,equivocados,9,equivocado
6440,cortaron,9,cortar
6441,contratos,9,contrato
6442,contaba,9,contar
6443,camilla,9,camilla
6444,bla,9,bla
6445,bellas,9,bello
6446,adecuada,9,adecuado
6447,viviente,9,viviente
6448,secuestrado,9,secuestrado secuestrar
6449,religioso,9,religioso
6450,regresaste,9,regresar
6451,permites,9,permitir
6452,perfectos,9,perfecto
6453,pelicula,9,película
6454,mínima,9,mínimo
6455,luchador,9,luchador
6456,lámpara,9,lámpara
6457,famosos,9,famoso
6458,extraterrestres,9,extraterrestre
6459,escotilla,9,escotilla
6460,dolió,9,doler
6461,condenada,9,condenado condenar
6462,andaba,9,andar
6463,traficante,9,traficante
6464,tiras,9,tira tirar
6465,tardaré,9,tardar
6466,salvé,9,salvar
6467,regresas,9,regresar
6468,recordarlo,9,recordar
6469,molestaría,9,molestar
6470,llamará,9,llamar
6471,feria,9,feria
6472,febrero,9,febrero
6473,eventualmente,9,eventualmente
6474,escondite,9,escondite
6475,duerma,9,dormir
6476,dijeras,9,decir
6477,creció,9,crecer
6478,colinas,9,colina
6479,atrevas,9,atrever
6480,ataquen,9,atacar
6481,apunten,9,apuntar
6482,antiguas,9,antiguo
6483,adolescentes,9,adolescente
6484,acusaciones,9,acusación
6485,supuse,9,suponer
6486,sgto,9,sargento
6487,recado,9,recado
6488,programado,9,programado programar
6489,patria,9,patria
6490,pariente,9,pariente
6491,necesaria,9,necesario
6492,mecánico,9,mecánico
6493,joya,9,joya
6494,inútiles,9,inútil
6495,hara,9,hacer
6496,ejecutivo,9,ejecutivo
6497,dulzura,9,dulzura
6498,disparé,9,disparar
6499,disparaste,9,disparar
6500,detendrá,9,detener
6501,desconocidos,9,desconocido desconocer
6502,comprarme,9,comprar
6503,bién,9,bien
6504,videos,9,video
6505,veredicto,9,veredicto
6506,trajimos,9,traer
6507,tocan,9,tocar
6508,tiré,9,tirar
6509,tardar,9,tardar
6510,suenas,9,sonar
6511,reservas,9,reserva reservar
6512,reciben,9,recibir
6513,invita,9,invitar
6514,granadas,9,granada granar
6515,grabado,9,grabado grabar
6516,falda,9,falda
6517,extraordinaria,9,extraordinario
6518,escondidas,9,escondido esconder
6519,direcciones,9,dirección
6520,comparado,9,comparado comparar
6521,clan,9,clan
6522,besos,9,beso
6523,angel,9,ángel
6524,afortunada,9,afortunado
6525,ácido,9,ácido
6526,tiren,9,tirar
6527,pongamos,9,poner
6528,planetas,9,planeta
6529,perdon,9,perdón
6530,pañales,9,pañal
6531,moriría,9,morir
6532,mexicano,9,mexicano
6533,marchó,9,marchar
6534,maletero,9,maletero
6535,individuo,9,individuo
6536,huelga,9,huelga
6537,habitual,9,habitual
6538,extranjeros,9,extranjero
6539,deseado,9,deseado desear
6540,dada,9,dado dar
6541,cohetes,9,cohete
6542,cocinero,9,cocinero
6543,científica,9,científico científica
6544,casaste,9,casar
6545,bigote,9,bigote
6546,avanza,9,avanzar
6547,atrapó,9,atrapar
6548,ansioso,9,ansioso
6549,taco,9,taco
6550,sana,9,sano
6551,peleen,9,pelear
6552,pasteles,9,pastel
6553,mirado,9,mirado mirar
6554,marinero,9,marinero
6555,echando,9,echar
6556,descubrieron,9,descubrir
6557,confesar,9,confesar
6558,compartimos,9,compartir
6559,bicho,9,bicho
6560,avisa,9,avisar
6561,atajo,9,atajo atajar
6562,acostarse,9,acostar
6563,voluntarios,9,voluntario
6564,marcador,9,marcador
6565,maquina,9,máquina
6566,gallinas,9,gallina
6567,estallar,9,estallar
6568,desafío,9,desafío desafiar
6569,decida,9,decidir
6570,cuadros,9,cuadro
6571,contador,9,contador
6572,británica,9,británico
6573,autor,9,autor
6574,arde,9,arder
6575,absoluta,9,absoluto
6576,vera,9,ver
6577,trece,9,trece
6578,supervisor,9,supervisor
6579,solitaria,9,solitario
6580,rindo,9,rendir
6581,paquetes,9,paquete
6582,oriente,9,oriente
6583,lastimarte,9,lastimar
6584,inestable,9,inestable
6585,habernos,9,haber
6586,fans,9,fan
6587,enseñaron,9,enseñar
6588,duermen,9,dormir
6589,documental,9,documental
6590,divina,9,divino
6591,criar,9,criar
6592,casarnos,9,casar
6593,bandidos,9,bandido
6594,agradecerle,9,agradecer
6595,abdomen,9,abdomen
6596,tortuga,9,tortuga
6597,tocarme,9,tocar
6598,tire,9,tirar
6599,revisen,9,revisar
6600,pañuelo,9,pañuelo
6601,levantarse,9,levantar
6602,imperial,9,imperial
6603,deprimido,9,deprimido deprimir
6604,cadera,9,cadera
6605,bandeja,9,bandeja
6606,aparezca,9,aparecer
6607,visitantes,8,visitante
6608,tumor,8,tumor
6609,todopoderoso,8,todopoderoso
6610,tentación,8,tentación
6611,sugerencia,8,sugerencia
6612,seguirán,8,seguir
6613,seguidores,8,seguidor
6614,saldrán,8,salir
6615,record,8,récord
6616,pruebe,8,probar
6617,ponla,8,poner
6618,permitirá,8,permitir
6619,permanece,8,permanecer
6620,olvidemos,8,olvidar
6621,mueran,8,morir
6622,mariposa,8,mariposa
6623,hockey,8,hockey
6624,fumo,8,fumar
6625,firmes,8,firme firmar
6626,echas,8,echar
6627,crítico,8,crítico
6628,carros,8,carro
6629,caravana,8,caravana
6630,bestias,8,bestia
6631,barrera,8,barrera
6632,acerquen,8,acercar
6633,tráelo,8,traer
6634,satisfacción,8,satisfacción
6635,revelar,8,revelar
6636,mueven,8,mover
6637,mosca,8,mosca
6638,metida,8,metido meter
6639,mascotas,8,mascota
6640,hablábamos,8,hablar
6641,ejércitos,8,ejército
6642,discutimos,8,discutir
6643,declarar,8,declarar
6644,conozcan,8,conocer
6645,colocar,8,colocar
6646,cinturones,8,cinturón
6647,ayudara,8,ayudar
6648,asumir,8,asumir
6649,asesinaron,8,asesinar
6650,alquilar,8,alquilar
6651,agujeros,8,agujero
6652,vuelos,8,vuelo
6653,sirvió,8,servir
6654,sirva,8,servir
6655,ruidos,8,ruido
6656,rincón,8,rincón
6657,quito,8,quitar
6658,putos,8,puto
6659,patear,8,patear
6660,paracaídas,8,paracaídas
6661,mear,8,mear
6662,irlanda,8,Irlanda
6663,honrado,8,honrado honrar
6664,escrita,8,escrito escribir
6665,complace,8,complacer
6666,cojo,8,cojo
6667,cazando,8,cazar
6668,capilla,8,capilla
6669,America,8,América
6670,volviera,8,volver
6671,verificar,8,verificar
6672,suélteme,8,soltar
6673,sirvientes,8,sirviente
6674,senadora,8,senadora
6675,semilla,8,semilla
6676,salio,8,salir
6677,quinta,8,quinta quinto
6678,pertenecen,8,pertenecer
6679,pendientes,8,pendiente
6680,partidos,8,partido partir
6681,nazi,8,nazi
6682,misterios,8,misterio
6683,instrumento,8,instrumento
6684,háganlo,8,hacer
6685,hacienda,8,hacienda
6686,fuma,8,fumar
6687,explique,8,explicar
6688,esparta,8,Esparta espartar
6689,escribes,8,escribir
6690,diseñado,8,diseñado diseñar
6691,canalla,8,canalla
6692,cambias,8,cambiar
6693,vaqueros,8,vaquero
6694,tronco,8,tronco
6695,toallas,8,toalla
6696,tendrían,8,tener
6697,significaba,8,significar
6698,sientan,8,sentar sentir
6699,salidas,8,salida salido salir
6700,políticas,8,político política
6701,oriental,8,oriental
6702,mutuamente,8,mutuamente
6703,lila,8,lila
6704,intimidad,8,intimidad
6705,grabando,8,grabar
6706,filmar,8,filmar
6707,fenomenal,8,fenomenal
6708,falsas,8,falsa falso
6709,evacuar,8,evacuar
6710,duelo,8,duelo doler
6711,dormiste,8,dormir
6712,dinosaurios,8,dinosaurio
6713,dados,8,dado dar
6714,cruza,8,cruzar
6715,conseguiremos,8,conseguir
6716,confíe,8,confiar
6717,conexiones,8,conexión
6718,cómplice,8,cómplice
6719,cerradura,8,cerradura
6720,asesor,8,asesor
6721,admitirlo,8,admitir
6722,vagabundo,8,vagabundo
6723,tomarme,8,tomar
6724,tarda,8,tardar
6725,sonriendo,8,sonreír
6726,so,8,so
6727,revisando,8,revisar
6728,prudente,8,prudente
6729,postal,8,postal
6730,po,8,po pues
6731,pizzas,8,pizza
6732,mariscal,8,mariscal
6733,marcos,8,marco
6734,marcharse,8,marchar
6735,lava,8,lava lavar
6736,flanco,8,flanco
6737,explico,8,explicar
6738,escúchenme,8,escuchar
6739,encárgate,8,encargar
6740,decidiste,8,decidir
6741,confuso,8,confuso
6742,condenados,8,condenado condenar
6743,comiencen,8,comenzar
6744,coman,8,comer
6745,cerrando,8,cerrar
6746,cd,8,CD
6747,vientos,8,viento
6748,traicionó,8,traicionar
6749,suyas,8,suyo
6750,suelen,8,soler
6751,romántica,8,romántico
6752,perderás,8,perder
6753,oración,8,oración
6754,occidental,8,occidental
6755,liberación,8,liberación
6756,levantado,8,levantado levantar
6757,gancho,8,gancho
6758,evolución,8,evolución
6759,escoge,8,escoger
6760,cueste,8,costar
6761,chef,8,chef
6762,árabe,8,árabe
6763,venían,8,venir
6764,venda,8,venda vender
6765,sustancia,8,sustancia
6766,secundario,8,secundario
6767,sacarla,8,sacar
6768,rubio,8,rubio
6769,presentado,8,presentado presentar
6770,precisa,8,preciso
6771,perteneces,8,pertenecer
6772,palos,8,palo
6773,oscuras,8,oscuro
6774,lunático,8,lunático
6775,lograremos,8,lograr
6776,llamados,8,llamado llamar
6777,leyó,8,leer
6778,inicio,8,inicio iniciar
6779,docenas,8,docena
6780,directora,8,directora
6781,complicada,8,complicado
6782,cogió,8,coger
6783,camara,8,cámara
6784,arruinó,8,arruinar
6785,apuro,8,apuro apurar
6786,abro,8,abrir
6787,vestuario,8,vestuario
6788,vergonzoso,8,vergonzoso
6789,sorprendería,8,sorprender
6790,sientate,8,sentar
6791,rastrear,8,rastrear
6792,proviene,8,provenir
6793,profesores,8,profesor
6794,primos,8,primo
6795,premios,8,premio
6796,permitió,8,permitir
6797,medico,8,médico
6798,marcar,8,marcar
6799,mantenlo,8,mantener
6800,jueces,8,juez
6801,instrumentos,8,instrumento
6802,incendios,8,incendio
6803,imbecil,8,imbécil
6804,garantía,8,garantía
6805,francos,8,franco
6806,especies,8,especie
6807,escribiré,8,escribir
6808,emboscada,8,emboscada
6809,educado,8,educado educar
6810,devolveré,8,devolver
6811,danza,8,danza danzar
6812,creería,8,creer
6813,confundida,8,confundido confundir
6814,asegurado,8,asegurado asegurar
6815,apuntando,8,apuntar
6816,anormal,8,anormal
6817,agradecemos,8,agradecer
6818,tomara,8,tomar
6819,televisor,8,televisor
6820,suponer,8,suponer
6821,salvarme,8,salvar
6822,preocupan,8,preocupar
6823,perdonar,8,perdonar
6824,perdedores,8,perdedor
6825,pa,8,pa para
6826,margen,8,margen
6827,mandaré,8,mandar
6828,ingeniería,8,ingeniería
6829,id,8,ir
6830,herencia,8,herencia
6831,gobernar,8,gobernar
6832,doncella,8,doncella
6833,comprando,8,comprar
6834,colonias,8,colonia
6835,bases,8,base basar
6836,barras,8,barra barrer
6837,bájame,8,bajar
6838,solicitud,8,solicitud
6839,sendero,8,sendero
6840,sacerdotes,8,sacerdote
6841,revisión,8,revisión
6842,restaurantes,8,restaurante
6843,rastros,8,rastro
6844,pegarle,8,pegar
6845,patrones,8,patrón
6846,obtuvo,8,obtener
6847,mortales,8,mortal
6848,matrícula,8,matrícula
6849,instalaciones,8,instalación
6850,enojo,8,enojo enojar
6851,duras,8,duro durar
6852,dejarías,8,dejar
6853,corrupción,8,corrupción
6854,controlarlo,8,controlar
6855,apágalo,8,apagar
6856,alimento,8,alimento
6857,terriblemente,8,terriblemente
6858,solíamos,8,soler
6859,ríe,8,reír
6860,reza,8,rezar
6861,promedio,8,promedio
6862,pórtate,8,portar
6863,misiones,8,misión
6864,meten,8,meter
6865,lotería,8,lotería
6866,italianos,8,italiano
6867,guardianes,8,guardián
6868,ganaron,8,ganar
6869,fáciles,8,fácil
6870,excelentes,8,excelente
6871,escritura,8,escritura
6872,escapando,8,escapar
6873,encontre,8,encontrar
6874,empacar,8,empacar
6875,em,8,em
6876,devuelve,8,devolver
6877,convirtiendo,8,convertir
6878,contraseña,8,contraseña
6879,cojones,8,cojón
6880,caca,8,caca
6881,bromeaba,8,bromear
6882,ayudaste,8,ayudar
6883,artefacto,8,artefacto
6884,abras,8,abrir
6885,subo,8,subir
6886,sentimental,8,sentimental
6887,semillas,8,semilla
6888,sáquenlo,8,sacar
6889,sabrías,8,saber
6890,reconocido,8,reconocido reconocer
6891,privacidad,8,privacidad
6892,portaaviones,8,portaaviones
6893,parecerá,8,parecer
6894,ocupa,8,ocupar
6895,lucir,8,lucir
6896,habré,8,haber
6897,estudié,8,estudiar
6898,enseñe,8,enseñar
6899,encontraría,8,encontrar
6900,dolerá,8,doler
6901,dispuestos,8,dispuesto disponer
6902,discreción,8,discreción
6903,deberás,8,deber
6904,debate,8,debate debatir
6905,creencias,8,creencia
6906,crecen,8,crecer
6907,comas,8,coma comer
6908,chiflado,8,chiflado
6909,aterrador,8,aterrador
6910,volverse,8,volver
6911,visiones,8,visión
6912,surf,8,surf
6913,software,8,software
6914,rival,8,rival
6915,registrado,8,registrado registrar
6916,pensaré,8,pensar
6917,ocurren,8,ocurrir
6918,ocuparme,8,ocupar
6919,obsesión,8,obsesión
6920,nube,8,nube
6921,nobles,8,noble
6922,milla,8,milla
6923,jamas,8,jamás
6924,insisto,8,insistir
6925,impide,8,impedir
6926,gol,8,gol
6927,frágil,8,frágil
6928,eramos,8,ser
6929,entrará,8,entrar
6930,dispararé,8,disparar
6931,dispárale,8,disparar
6932,derrotado,8,derrotado derrotar
6933,chatarra,8,chatarra
6934,cálculos,8,cálculo
6935,caigo,8,caer
6936,brillo,8,brillo
6937,basurero,8,basurero
6938,ayuden,8,ayudar
6939,aquellas,8,aquello
6940,altamente,8,altamente
6941,alienígenas,8,alienígeno
6942,acercó,8,acercar
6943,abiertas,8,abierto
6944,toqué,8,tocar
6945,tomarte,8,tomar
6946,senos,8,seno
6947,provocar,8,provocar
6948,plumas,8,pluma
6949,lograron,8,lograr
6950,inicial,8,inicial
6951,femenino,8,femenino
6952,extras,8,extra
6953,entrego,8,entregar
6954,encontrarlos,8,encontrar
6955,culto,8,culto
6956,cuántica,8,cuántico
6957,calendario,8,calendario
6958,atracción,8,atracción
6959,asustan,8,asustar
6960,asegurarse,8,asegurar
6961,arregló,8,arreglar
6962,aquél,8,aquel
6963,aprendiz,8,aprendiz
6964,aprendes,8,aprender
6965,agresión,8,agresión
6966,acompaño,8,acompañar
6967,abuso,8,abuso abusar
6968,viví,8,vivir
6969,triunfo,8,triunfo triunfar
6970,traerte,8,traer
6971,temblando,8,temblar
6972,respire,8,respirar
6973,ocúpate,8,ocupar
6974,llévalo,8,llevar
6975,limpiando,8,limpiar
6976,haria,8,hacer
6977,grandeza,8,grandeza
6978,exhibición,8,exhibición
6979,evacuación,8,evacuación
6980,dobla,8,doblar
6981,deshazte,8,deshacer
6982,desgraciadamente,8,desgraciadamente
6983,crei,8,creer
6984,crack,8,crack
6985,contenido,8,contenido contener
6986,arruinaste,8,arruinar
6987,aprobación,8,aprobación
6988,alumno,8,alumno
6989,agresivo,8,agresivo
6990,zorro,8,zorro
6991,terminen,8,terminar
6992,sacrificios,8,sacrificio
6993,rompiendo,8,romper
6994,riñón,8,riñón
6995,reúne,8,reunir
6996,recorrido,8,recorrido recorrer
6997,positiva,8,positivo
6998,murciélago,8,murciélago
6999,morimos,8,morir
7000,medicamentos,8,medicamento
7001,marines,8,marine
7002,mantendré,8,mantener
7003,insignia,8,insignia
7004,halló,8,hallar
7005,filete,8,filete
7006,esperad,8,esperar
7007,enviaste,8,enviar
7008,enseñando,8,enseñar
7009,disfruto,8,disfrutar
7010,determinar,8,determinar
7011,desesperada,8,desesperado desesperar
7012,delincuente,8,delincuente
7013,cristianos,8,cristiano
7014,calentamiento,8,calentamiento
7015,agradecerte,8,agradecer
7016,afectado,8,afectado afectar
7017,ábrelo,8,abrir
7018,sincera,8,sincero
7019,quedando,8,quedar
7020,pila,8,pila
7021,peligrosas,8,peligroso
7022,nasa,8,nasa NASA
7023,mataran,8,matar
7024,lamentablemente,8,lamentablemente
7025,labor,8,labor
7026,jinete,8,jinete
7027,hipoteca,8,hipoteca
7028,hacerles,8,hacer
7029,femenina,8,femenino
7030,elemento,8,elemento
7031,deshacerse,8,deshacer
7032,defensas,8,defensa
7033,cuarentena,8,cuarentena
7034,comete,8,cometer
7035,casamos,8,casar
7036,camarera,8,camarera
7037,callarte,8,callar
7038,baloncesto,8,baloncesto
7039,acabaste,8,acabar
7040,vendí,8,vender
7041,tuvieran,8,tener
7042,sonidos,8,sonido
7043,sirves,8,servir
7044,separación,8,separación
7045,quítame,8,quitar
7046,opuesto,8,opuesto oponer
7047,norteamericano,8,norteamericano
7048,llevarle,8,llevar
7049,hospitalidad,8,hospitalidad
7050,enteró,8,enterar
7051,declaro,8,declarar
7052,cifras,8,cifra
7053,catorce,8,catorce
7054,cambies,8,cambiar
7055,ayudame,8,ayudar
7056,aprendió,8,aprender
7057,apagado,8,apagado apagar
7058,alambre,8,alambre
7059,terremoto,8,terremoto
7060,separarnos,8,separar
7061,secretas,8,secreto
7062,quemaduras,8,quemadura
7063,preparo,8,preparar
7064,poeta,8,poeta
7065,pagarás,8,pagar
7066,olvidalo,8,olvidar
7067,mudo,8,mudo mudar
7068,magdalena,8,magdalena
7069,letrero,8,letrero
7070,esconderse,8,esconder
7071,email,8,email
7072,conseguirás,8,conseguir
7073,terminada,8,terminado terminar
7074,táctica,8,táctica
7075,sonaba,8,sonar
7076,shh,8,shh
7077,sepamos,8,saber
7078,quedaras,8,quedar
7079,púdrete,8,pudrir
7080,patán,8,patán
7081,pareciera,8,parecer
7082,nucleares,8,nuclear
7083,moría,8,morir
7084,mírala,8,mirar
7085,miento,8,mentir
7086,lesiones,8,lesión
7087,leones,8,león
7088,invertir,8,invertir
7089,insulto,8,insulto insultar
7090,grites,8,gritar
7091,flotando,8,flotar
7092,flechas,8,flecha
7093,establecer,8,establecer
7094,elevador,8,elevador
7095,eléctrico,8,eléctrico
7096,dueña,8,dueña dueño
7097,determinado,8,determinado determinar
7098,cuevas,8,cueva
7099,cuadra,8,cuadra
7100,cortando,8,cortar
7101,cambiarlo,8,cambiar
7102,aprovechar,8,aprovechar
7103,anual,8,anual
7104,anímate,8,animar
7105,ando,8,andar
7106,suspendido,8,suspendido suspender
7107,sentirá,8,sentir
7108,perras,8,perra
7109,melodía,8,melodía
7110,mandan,8,mandar
7111,linaje,8,linaje
7112,levántese,8,levantar
7113,interruptor,8,interruptor
7114,decidieron,8,decidir
7115,conversaciones,8,conversación
7116,contrabando,8,contrabando contrabandar
7117,cachorro,8,cachorro
7118,bañera,8,bañera
7119,asustar,8,asustar
7120,aceptó,8,aceptar
7121,abren,8,abrir
7122,vinos,8,vino
7123,vasos,8,vaso
7124,sueltes,8,soltar
7125,profecía,8,profecía
7126,molestarte,8,molestar
7127,metiendo,8,meter
7128,llueve,8,llover
7129,invitada,8,invitado invitar
7130,inocencia,8,inocencia
7131,helicópteros,8,helicóptero
7132,guarde,8,guardar
7133,grandiosa,8,grandioso
7134,físicamente,8,físicamente
7135,esperándote,8,esperar
7136,enrique,8,enrique Enrique
7137,elegiste,8,elegir
7138,diente,8,diente
7139,desarrollar,8,desarrollar
7140,construyendo,8,construir
7141,conocieron,8,conocer
7142,chicle,8,chicle
7143,atlántico,8,atlántico
7144,acondicionado,8,acondicionado
7145,acercarme,8,acercar
7146,abrí,8,abrir
7147,tirador,8,tirador
7148,ruina,8,ruina
7149,respeta,8,respetar
7150,recordaba,8,recordar
7151,polis,8,polis
7152,perseguir,8,perseguir
7153,pégale,8,pegar
7154,novedad,8,novedad
7155,muévase,8,mover
7156,muerde,8,morder
7157,moscas,8,mosca
7158,memorias,8,memoria
7159,langosta,8,langosta
7160,japonesa,8,japonés
7161,insiste,8,insistir
7162,hablaron,8,hablar
7163,generales,8,general
7164,freno,8,freno frenar
7165,existía,8,existir
7166,examinar,8,examinar
7167,euros,8,Euro
7168,etapa,8,etapa
7169,detención,8,detención
7170,cuervos,8,cuervo
7171,convertirá,8,convertir
7172,congresista,8,congresista
7173,asusté,8,asustar
7174,subtitulos,8,subtítulo
7175,sonó,8,sonar
7176,separamos,8,separar
7177,reflejo,8,reflejo reflejar
7178,navidades,8,navidad
7179,moverte,8,mover
7180,levantó,8,levantar
7181,italiana,8,italiano
7182,integridad,8,integridad
7183,informa,8,informar
7184,hanzo,8,hanzo
7185,hábil,8,hábil
7186,fabulosa,8,fabuloso
7187,demas,8,demás
7188,cofre,8,cofre
7189,causando,8,causar
7190,cancha,8,cancha
7191,bruto,8,bruto
7192,brindemos,8,brindar
7193,ayudarás,8,ayudar
7194,abandonada,8,abandonado abandonar
7195,vito,8,vito
7196,vestir,8,vestir
7197,usaron,8,usar
7198,torpedos,8,torpedo
7199,sonda,8,sonda sondar
7200,relajarte,8,relajar
7201,reactor,8,reactor
7202,pobreza,8,pobreza
7203,ocupar,8,ocupar
7204,moverme,8,mover
7205,localizado,8,localizado localizar
7206,llévala,8,llevar
7207,insoportable,8,insoportable
7208,insecto,8,insecto
7209,explota,8,explotar
7210,escondida,8,escondido esconder
7211,engañó,8,engañar
7212,encontrara,8,encontrar
7213,dinamita,8,dinamita
7214,desaparición,8,desaparición
7215,depto,8,departamento
7216,debíamos,8,deber
7217,creed,8,creer
7218,corra,8,correr
7219,compramos,8,comprar
7220,cercana,8,cercano
7221,barro,8,barro barrer
7222,arreglaremos,8,arreglar
7223,valentía,8,valentía
7224,tratos,8,trato
7225,salmón,8,salmón
7226,quitas,8,quitar
7227,perdonen,8,perdonar
7228,nerviosos,8,nervioso
7229,necesariamente,8,necesariamente
7230,mercedes,8,merced
7231,mejora,8,mejorar
7232,maravillas,8,maravilla
7233,levantarme,8,levantar
7234,intentaron,8,intentar
7235,intelectual,8,intelectual
7236,ingenioso,8,ingenioso
7237,hirieron,8,herir
7238,hablabas,8,hablar
7239,frito,8,frito freír
7240,escapaste,8,escapar
7241,desactivar,8,desactivar
7242,concierne,8,concernir
7243,cómodos,8,cómodo
7244,calcetines,8,calcetín
7245,agradecimiento,8,agradecimiento
7246,abriendo,8,abrir
7247,tubos,8,tubo
7248,tristes,8,triste
7249,texto,8,texto
7250,ritual,8,ritual
7251,reservado,8,reservado reservar
7252,proyectos,8,proyecto
7253,perpetua,8,perpetuo
7254,observador,8,observador
7255,nadando,8,nadar
7256,moviéndose,8,mover
7257,mátala,8,matar
7258,mantuvo,8,mantener
7259,latín,8,latín
7260,irlandeses,8,irlandés
7261,inaceptable,8,inaceptable
7262,golfo,8,golfo
7263,exitosa,8,exitoso
7264,escucharte,8,escuchar
7265,elle,8,elle
7266,desnudos,8,desnudo desnudar
7267,descansen,8,descansar
7268,descansando,8,descansar
7269,costar,8,costar
7270,conociera,8,conocer
7271,comunicarse,8,comunicar
7272,coja,8,cojo coger
7273,chao,8,chao
7274,borrachos,8,borracho
7275,apocalipsis,8,apocalipsis
7276,adrenalina,8,adrenalina
7277,acompañarme,8,acompañar
7278,vídeo,7,vídeo
7279,timbre,7,timbre
7280,roban,7,robar
7281,provecho,7,provecho
7282,panqueques,7,panqueque
7283,obligación,7,obligación
7284,helion,7,helión
7285,guardado,7,guardado guardar
7286,gemelas,7,gemelo
7287,fundación,7,fundación
7288,ficción,7,ficción
7289,fantasías,7,fantasía
7290,edición,7,edición
7291,cavar,7,cavar
7292,carguen,7,cargar
7293,avion,7,avión
7294,auténtica,7,auténtico
7295,voladora,7,volador
7296,trineo,7,trineo
7297,sirvienta,7,sirvienta
7298,siguieron,7,seguir
7299,quitaré,7,quitar
7300,promete,7,prometer
7301,primaria,7,primario
7302,previsto,7,previsto
7303,pasajero,7,pasajero
7304,paranoia,7,paranoia
7305,paramos,7,parar
7306,opus,7,opus
7307,monjes,7,monje
7308,molino,7,molino
7309,llévenlo,7,llevar
7310,liberado,7,liberado liberar
7311,juntar,7,juntar
7312,inventar,7,inventar
7313,interferencia,7,interferencia
7314,institución,7,institución
7315,infectado,7,infectado infectar
7316,habra,7,haber
7317,gym,7,gym
7318,ganará,7,ganar
7319,encargaremos,7,encargar
7320,cortos,7,corto
7321,cooperar,7,cooperar
7322,comiste,7,comer
7323,cogí,7,coger
7324,calvo,7,calvo
7325,básico,7,básico
7326,arteria,7,arteria
7327,ali,7,ali Ali
7328,alboroto,7,alboroto
7329,adoran,7,adorar
7330,tango,7,tango
7331,tablero,7,tablero
7332,sospecho,7,sospechar
7333,sobreviviente,7,sobreviviente
7334,renuncia,7,renuncia renunciar
7335,reciba,7,recibir
7336,practicando,7,practicar
7337,permanezcan,7,permanecer
7338,pensará,7,pensar
7339,ofrecerle,7,ofrecer
7340,mini,7,mini
7341,mejorado,7,mejorado mejorar
7342,marciales,7,marcial
7343,manden,7,mandar
7344,larguémonos,7,largar
7345,fijo,7,fijo fijar
7346,explicarle,7,explicar
7347,evaluación,7,evaluación
7348,escogí,7,escoger
7349,elfos,7,elfo
7350,demente,7,demente
7351,corté,7,cortar
7352,consiguen,7,conseguir
7353,confirmación,7,confirmación
7354,completar,7,completar
7355,categoría,7,categoría
7356,ayudé,7,ayudar
7357,atraer,7,atraer
7358,zapatillas,7,zapatilla
7359,violar,7,violar
7360,sonreír,7,sonreír
7361,pretende,7,pretender
7362,ordinario,7,ordinario
7363,olvídelo,7,olvidar
7364,nuca,7,nuca
7365,nietos,7,nieto
7366,metan,7,meter
7367,levantes,7,levante
7368,favores,7,favor
7369,factor,7,factor
7370,empezaremos,7,empezar
7371,detengas,7,detener
7372,deseando,7,desear
7373,cuernos,7,cuerno
7374,criada,7,criada criar
7375,consentimiento,7,consentimiento
7376,comunistas,7,comunista
7377,cartuchos,7,cartucho
7378,cangrejo,7,cangrejo
7379,bonos,7,bono
7380,apreciar,7,apreciar
7381,agárralo,7,agarrar
7382,vapor,7,vapor
7383,trataste,7,tratar
7384,tejado,7,tejado
7385,semestre,7,semestre
7386,riqueza,7,riqueza
7387,recibes,7,recibir
7388,millonario,7,millonario
7389,mecánica,7,mecánica
7390,leyendas,7,leyenda
7391,jr,7,jr
7392,halla,7,hallar
7393,estimado,7,estimado estimar
7394,entiendas,7,entender
7395,eché,7,echar
7396,dirijo,7,dirigir
7397,destruirá,7,destruir
7398,deberán,7,deber
7399,cooperación,7,cooperación
7400,conclusiones,7,conclusión
7401,comunes,7,común
7402,brilla,7,brillar
7403,basada,7,basado basar
7404,bandido,7,bandido
7405,astronauta,7,astronauta
7406,aprisa,7,aprisa
7407,aislado,7,aislado
7408,tribus,7,tribu
7409,tela,7,tela
7410,reportero,7,reportero
7411,químico,7,químico
7412,persiguen,7,perseguir
7413,perfección,7,perfección
7414,palanca,7,palanca
7415,marrón,7,marrón
7416,madrugada,7,madrugada
7417,hicieran,7,hacer
7418,guante,7,guante
7419,firmó,7,firmar
7420,envían,7,enviar
7421,dañar,7,dañar
7422,creerás,7,creer
7423,convertirme,7,convertir
7424,confiable,7,confiable
7425,comics,7,comics
7426,carmen,7,carmen Carmen
7427,apretado,7,apretado
7428,agarre,7,agarre agarrar
7429,vulnerable,7,vulnerable
7430,vieras,7,ver
7431,terminan,7,terminar
7432,tenso,7,tenso
7433,telegrama,7,telegrama
7434,sepárense,7,separar
7435,relojes,7,reloj
7436,referencia,7,referencia
7437,quemó,7,quemar
7438,periodo,7,periodo
7439,nevada,7,nevada
7440,matón,7,matón
7441,matanza,7,matanza
7442,mantenido,7,mantenido mantener
7443,mantenerse,7,mantener
7444,inmortal,7,inmortal
7445,hermanita,7,hermanita hermana
7446,frenos,7,freno
7447,disparas,7,disparar
7448,despreciable,7,despreciable
7449,dejeme,7,dejar
7450,cosita,7,cosita cosa
7451,conejos,7,conejo
7452,carnicero,7,carnicero
7453,bodega,7,bodega
7454,aires,7,aire
7455,ringo,7,ringar
7456,reportar,7,reportar
7457,reflejos,7,reflejo
7458,propina,7,propina
7459,prácticas,7,práctica
7460,peleado,7,peleado pelear
7461,peinado,7,peinado peinar
7462,oscuros,7,oscuro
7463,olvidamos,7,olvidar
7464,negativa,7,negativo
7465,materiales,7,material
7466,martini,7,martini
7467,mantenerme,7,mantener
7468,lesión,7,lesión
7469,invencible,7,invencible
7470,hubieses,7,haber
7471,gratitud,7,gratitud
7472,film,7,film
7473,explorador,7,explorador
7474,esconderte,7,esconder
7475,enviando,7,enviar
7476,discutirlo,7,discutir
7477,desaparecida,7,desaparecida
7478,cuna,7,cuna
7479,cosquillas,7,cosquillas
7480,comedia,7,comedia
7481,baterías,7,batería
7482,avisado,7,avisado avisar
7483,asistir,7,asistir
7484,apropiada,7,apropiado
7485,afortunados,7,afortunado
7486,acercarse,7,acercar
7487,acelera,7,acelerar
7488,suene,7,sonar
7489,similares,7,similar
7490,respetable,7,respetable
7491,planear,7,planear
7492,pajarito,7,pajarito
7493,inspección,7,inspección
7494,habiendo,7,haber
7495,experimentar,7,experimentar
7496,escolta,7,escolta escoltar
7497,domingos,7,domingo
7498,desesperación,7,desesperación
7499,deseamos,7,desear
7500,dejalo,7,dejar
7501,cuestan,7,costar
7502,coro,7,coro
7503,convincente,7,convincente
7504,conectados,7,conectado conectar
7505,castigado,7,castigado castigar
7506,cambiarme,7,cambiar
7507,ayudan,7,ayudar
7508,atardecer,7,atardecer
7509,aparecido,7,aparecido aparecer
7510,ambición,7,ambición
7511,agarro,7,agarrar
7512,sobredosis,7,sobredosis
7513,rápidos,7,rápido
7514,probabilidad,7,probabilidad
7515,perdidas,7,perdido
7516,panza,7,panza
7517,necesitábamos,7,necesitar
7518,naval,7,naval
7519,levantarte,7,levantar
7520,leña,7,leña
7521,inesperado,7,inesperado
7522,fichas,7,ficha fichar
7523,favoritos,7,favorito
7524,explorar,7,explorar
7525,espaciales,7,espacial
7526,entregue,7,entregar
7527,dominio,7,dominio
7528,demostrado,7,demostrado demostrar
7529,costumbres,7,costumbre
7530,charlar,7,charlar
7531,certificado,7,certificado certificar
7532,cayo,7,caer
7533,anteriores,7,anterior
7534,alemana,7,alemán
7535,activa,7,activo activar
7536,aceptan,7,aceptar
7537,turnos,7,turno
7538,traidores,7,traidor
7539,terrestre,7,terrestre
7540,sirena,7,sirena
7541,sauditas,7,saudita
7542,revólver,7,revólver
7543,refresco,7,refresco refrescar
7544,precisión,7,precisión
7545,permanezca,7,permanecer
7546,pérdidas,7,pérdida
7547,perderlo,7,perder
7548,monasterio,7,monasterio
7549,mocoso,7,mocoso
7550,marineros,7,marinero
7551,limón,7,limón
7552,lanzó,7,lanzar
7553,inmenso,7,inmenso
7554,golpeando,7,golpear
7555,escogido,7,escogido escoger
7556,deshacerme,7,deshacer
7557,descenso,7,descenso
7558,debiera,7,deber
7559,dándole,7,dar
7560,cubo,7,cubo
7561,continúen,7,continuar
7562,comarca,7,comarca
7563,caviar,7,caviar
7564,bloqueado,7,bloqueado bloquear
7565,acompaña,7,acompañar
7566,vístete,7,vestir
7567,teorías,7,teoría
7568,salvará,7,salvar
7569,sacan,7,sacar
7570,rio,7,río reír Rio
7571,rifles,7,rifle
7572,relajate,7,relajar
7573,rasguño,7,rasguño
7574,quebrado,7,quebrado quebrar
7575,producir,7,producir
7576,presiona,7,presionar
7577,peludo,7,peludo
7578,patricia,7,Patricia patricio
7579,operadora,7,operadora
7580,obligó,7,obligar
7581,mostaza,7,mostaza
7582,mencionado,7,mencionado mencionar
7583,martín,7,martín Martín
7584,exige,7,exigir
7585,entretenimiento,7,entretenimiento
7586,entregó,7,entregar
7587,elfo,7,elfo
7588,desarrollado,7,desarrollado desarrollar
7589,cenicienta,7,cenicienta
7590,babor,7,babor
7591,ares,7,arar
7592,anunciar,7,anunciar
7593,admite,7,admitir
7594,triple,7,triple
7595,técnicas,7,técnica
7596,sobrevivido,7,sobrevivido sobrevivir
7597,rotos,7,roto
7598,respóndeme,7,responder
7599,resfriado,7,resfriado
7600,rana,7,rana
7601,preguntaron,7,preguntar
7602,periodistas,7,periodista
7603,pedo,7,pedo
7604,pasto,7,pasto pastar
7605,pamela,7,pamela Pamela
7606,madura,7,maduro
7607,lárguense,7,largar
7608,kelvin,7,kelvin
7609,judía,7,judío
7610,jodidamente,7,jodidamente
7611,instalación,7,instalación
7612,hazle,7,hacer
7613,haras,7,hacer
7614,hacéis,7,hacer
7615,fumas,7,fumar
7616,farmacia,7,farmacia
7617,eliminado,7,eliminado eliminar
7618,dígales,7,decir
7619,define,7,definir
7620,cerebros,7,cerebro
7621,celdas,7,celda
7622,cargada,7,cargado
7623,agradecida,7,agradecido agradecer
7624,acaben,7,acabar
7625,tripas,7,tripa
7626,tradicional,7,tradicional
7627,sandwich,7,sandwich sándwich
7628,romana,7,romano
7629,regresan,7,regresar
7630,recorrer,7,recorrer
7631,preocupaba,7,preocupar
7632,movernos,7,mover
7633,latas,7,lata
7634,habitacion,7,habitación
7635,génesis,7,génesis
7636,estúpidas,7,estúpido
7637,escogiste,7,escoger
7638,escocés,7,escocés
7639,encendida,7,encendido
7640,despido,7,despido despedir
7641,delgado,7,delgado
7642,cortaré,7,cortar
7643,convenció,7,convencer
7644,carnada,7,carnada
7645,cargas,7,carga cargar
7646,brutal,7,brutal
7647,atrasado,7,atrasado atrasar
7648,atrapen,7,atrapar
7649,acoso,7,acoso acosar
7650,aah,7,aah
7651,tropa,7,tropa
7652,sopla,7,soplar
7653,sangrar,7,sangrar
7654,presentarme,7,presentar
7655,pavos,7,pavo
7656,oren,7,orar
7657,niñez,7,niñez
7658,necesitaría,7,necesitar
7659,mantengo,7,mantener
7660,leve,7,leve
7661,lancha,7,lancha
7662,inversiones,7,inversión
7663,intenso,7,intenso
7664,existido,7,existido existir
7665,enseñaste,7,enseñar
7666,elegí,7,elegir
7667,duende,7,duende
7668,dormía,7,dormir
7669,díganme,7,decir
7670,desesperados,7,desesperado
7671,cúbranse,7,cubrir
7672,cicatrices,7,cicatriz
7673,cambiamos,7,cambiar
7674,bailarín,7,bailarín
7675,acordamos,7,acordar
7676,acera,7,acera
7677,viviré,7,vivir
7678,víbora,7,víbora
7679,saques,7,sacar
7680,saldría,7,salir
7681,pésimo,7,pésimo
7682,patética,7,patético
7683,pagarán,7,pagar
7684,ojala,7,ojalá
7685,naturales,7,natural
7686,mirarme,7,mirar
7687,mg,7,mg miligramo
7688,máscaras,7,máscara
7689,logre,7,lograr
7690,laberinto,7,laberinto
7691,halcón,7,halcón
7692,frutas,7,fruta
7693,fórmula,7,fórmula
7694,esfera,7,esfera
7695,entusiasmo,7,entusiasmo
7696,enseñan,7,enseñar
7697,encontrarse,7,encontrar
7698,encargarme,7,encargar
7699,desconocida,7,desconocido
7700,descifrar,7,descifrar
7701,deliciosa,7,delicioso
7702,dejaran,7,dejar
7703,daban,7,dar
7704,conocimientos,7,conocimiento
7705,comenzará,7,comenzar
7706,asustados,7,asustado
7707,acabaré,7,acabar
7708,abrirla,7,abrir
7709,abrirá,7,abrir
7710,vulgar,7,vulgar
7711,viena,7,Viena
7712,valiosa,7,valioso
7713,úitima,7,último
7714,tenés,7,tener
7715,quité,7,quitar
7716,queriendo,7,querer
7717,protegerme,7,proteger
7718,pornografía,7,pornografía
7719,parecían,7,parecer
7720,originales,7,original
7721,obedece,7,obedecer
7722,jode,7,joder
7723,inscripción,7,inscripción
7724,enteras,7,entero enterar
7725,encontrarle,7,encontrar
7726,desear,7,desear
7727,descuento,7,descuento descontar
7728,dense,7,dar
7729,déjenos,7,dejar
7730,darías,7,dar
7731,creerán,7,creer
7732,crecimiento,7,crecimiento
7733,continuación,7,continuación
7734,conocerlos,7,conocer
7735,coalición,7,coalición
7736,cigarros,7,cigarro
7737,causas,7,causa causar
7738,cargador,7,cargador
7739,calorías,7,caloría
7740,arqueros,7,arquero
7741,victimas,7,víctima
7742,tormentas,7,tormenta
7743,tiraste,7,tirar
7744,soporte,7,soporte soportar
7745,retroceder,7,retroceder
7746,regan,7,regan
7747,pudiese,7,poder
7748,prepararé,7,preparar
7749,precios,7,precio
7750,músico,7,músico
7751,matarás,7,matar
7752,luchado,7,luchado luchar
7753,implica,7,implicar
7754,hombrecito,7,hombrecito hombre
7755,hábitos,7,hábito
7756,gorra,7,gorra
7757,gorila,7,gorila
7758,galáctica,7,galáctico
7759,corteza,7,corteza
7760,contéstame,7,contestar
7761,comprometido,7,comprometido
7762,cálculo,7,cálculo
7763,aseguraré,7,asegurar
7764,ansiedad,7,ansiedad
7765,amenazó,7,amenazar
7766,activar,7,activar
7767,abriré,7,abrir
7768,ábrela,7,abrir
7769,une,7,unir
7770,tomarse,7,tomar
7771,mudó,7,mudar
7772,levanto,7,levantar
7773,laboratorios,7,laboratorio
7774,financiero,7,financiero
7775,encubierto,7,encubierto encubrir
7776,crió,7,criar
7777,creador,7,creador
7778,coloca,7,colocar
7779,brindo,7,brindar
7780,apoyar,7,apoyar
7781,ahorros,7,ahorro
7782,abres,7,abrir
7783,votar,7,votar
7784,verónica,7,verónica Verónica
7785,velo,7,velo velar
7786,unirte,7,unir
7787,revisado,7,revisado revisar
7788,queramos,7,querer
7789,podriamos,7,poder
7790,pagaría,7,pagar
7791,ignorar,7,ignorar
7792,gimnasia,7,gimnasia
7793,fronteras,7,frontera
7794,etiqueta,7,etiqueta etiquetar
7795,enojes,7,enojar
7796,enemigas,7,enemiga
7797,definición,7,definición
7798,declarado,7,declarado declarar
7799,curado,7,curado curar
7800,cerebrales,7,cerebral
7801,ballet,7,ballet
7802,atrapé,7,atrapar
7803,americanas,7,americano
7804,actúas,7,actuar
7805,aconsejo,7,aconsejar
7806,terminaré,7,terminar
7807,subimos,7,subir
7808,subes,7,subir
7809,revise,7,revisar
7810,quiza,7,quizá
7811,químicos,7,químico
7812,querias,7,querer
7813,protegerla,7,proteger
7814,plana,7,plano
7815,paranoico,7,paranoico
7816,ofrecen,7,ofrecer
7817,nueces,7,nuez
7818,montones,7,montón
7819,llevarlos,7,llevar
7820,llegaría,7,llegar
7821,inventado,7,inventado inventar
7822,haberlos,7,haber
7823,explotó,7,explotar
7824,esclava,7,esclava
7825,duró,7,durar
7826,desperdiciar,7,desperdiciar
7827,delicada,7,delicado
7828,cualidades,7,cualidad
7829,costas,7,costa
7830,contestó,7,contestar
7831,conecta,7,conectar
7832,colgando,7,colgar
7833,coartada,7,coartada
7834,celebrando,7,celebrar
7835,atentos,7,atento
7836,atascado,7,atascar
7837,anfitrión,7,anfitrión
7838,admirador,7,admirador
7839,acérquense,7,acercar
7840,abeja,7,abeja
7841,unir,7,unir
7842,suprema,7,supremo
7843,sillas,7,silla
7844,sacrificar,7,sacrificar
7845,retorno,7,retorno retornar
7846,represento,7,representar
7847,pelean,7,pelear
7848,pedirme,7,pedir
7849,mirarte,7,mirar
7850,lazo,7,lazo
7851,ideales,7,ideal
7852,habias,7,haber
7853,guarida,7,guarida
7854,esposos,7,esposo
7855,esperaban,7,esperar
7856,escondidos,7,escondido esconder
7857,dinosaurio,7,dinosaurio
7858,conseguirte,7,conseguir
7859,conocernos,7,conocer
7860,conocerle,7,conocer
7861,carteles,7,cartel
7862,atento,7,atento
7863,arañas,7,araña arañar
7864,alucinaciones,7,alucinación
7865,zonas,7,zona
7866,viajado,7,viajado viajar
7867,realista,7,realista
7868,rama,7,rama
7869,quiten,7,quitar
7870,paras,7,parar paro
7871,pagaron,7,pagar
7872,mismísimo,7,mismísimo
7873,míreme,7,mirar
7874,marcho,7,marchar
7875,inventé,7,inventar
7876,interesados,7,interesado interesar
7877,intentaremos,7,intentar
7878,ilegales,7,ilegal
7879,grandote,7,grandote grande
7880,gotas,7,gota
7881,fino,7,fino
7882,estanque,7,estanque
7883,estaca,7,estaca estacar
7884,esgrima,7,esgrima
7885,escuchad,7,escuchar
7886,envuelto,7,envuelto envolver
7887,doscientos,7,doscientos
7888,disfraces,7,disfraz
7889,delgada,7,delgado
7890,decia,7,decir
7891,cuñado,7,cuñado
7892,cumplí,7,cumplir
7893,cuidadosamente,7,cuidadosamente
7894,consiguieron,7,conseguir
7895,cepillo,7,cepillo cepillar
7896,celebración,7,celebración
7897,botín,7,botín
7898,arrancar,7,arrancar
7899,alimenta,7,alimentar
7900,ajá,7,ajá
7901,ahorrar,7,ahorrar
7902,africa,7,áfrico África
7903,vudú,7,vudú
7904,tuviese,7,tener
7905,salte,7,saltar
7906,rehabilitación,7,rehabilitación
7907,rechazado,7,rechazado rechazar
7908,pasarme,7,pasar
7909,ordene,7,ordenar
7910,mátenlo,7,mantener
7911,llegaba,7,llegar
7912,horizonte,7,horizonte
7913,hacerlos,7,hacer
7914,formen,7,formar
7915,excepcional,7,excepcional
7916,entierro,7,entierro enterrar
7917,energia,7,energía
7918,enanos,7,enano
7919,eliges,7,elegir
7920,disculpo,7,disculpar
7921,digitales,7,digital
7922,dicha,7,dicha dicho decir
7923,desaparecerá,7,desaparecer
7924,desafortunado,7,desafortunado
7925,delantera,7,delantero
7926,daga,7,daga
7927,creeme,7,creer
7928,contestes,7,contestar
7929,atravesó,7,atravesar
7930,atrapamos,7,atrapar
7931,asustas,7,asustar
7932,artificiales,7,artificial
7933,arreglamos,7,arreglar
7934,arca,7,arca
7935,apurate,7,apurar
7936,amabas,7,amar
7937,acusados,7,acusado acusar
7938,abuelos,7,abuelo
7939,vagina,7,vagina
7940,solicito,7,solicitar
7941,rezando,7,rezar
7942,repita,7,repetir
7943,reducir,7,reducir
7944,querés,7,querer
7945,planeo,7,planear
7946,perfectas,7,perfecto
7947,neutral,7,neutral
7948,na,7,na
7949,mueves,7,mover
7950,legales,7,legal
7951,lavandería,7,lavandería
7952,jeep,7,jeep
7953,helada,7,helada
7954,futbol,7,futbol
7955,fijado,7,fijado fijar
7956,feroz,7,feroz
7957,debían,7,deber
7958,creían,7,creer
7959,cordero,7,cordero
7960,consulado,7,consulado
7961,círculos,7,círculo
7962,caíste,7,caer
7963,áreas,7,área
7964,virtud,7,virtud
7965,únicas,7,único
7966,técnicos,7,técnico
7967,silencioso,7,silencioso
7968,sencillamente,7,sencillamente
7969,selección,7,selección
7970,sabés,7,saber
7971,reportera,7,reportera
7972,reliquia,7,reliquia
7973,pertenezco,7,pertenecer
7974,penas,7,pena
7975,paisaje,7,paisaje
7976,ocupación,7,ocupación
7977,notar,7,notar
7978,migajas,7,migajas migaja
7979,marcado,7,marcado marcar
7980,mantenemos,7,mantener
7981,interrogatorio,7,interrogatorio
7982,internado,7,internado
7983,hubiesen,7,haber
7984,honestos,7,honesto
7985,holanda,7,holanda
7986,helados,7,helado
7987,gramos,7,gramo
7988,frio,7,frío freír
7989,estate,7,estar
7990,encargará,7,encargar
7991,electrónico,7,electrónico
7992,disculpan,7,disculpar
7993,defecto,7,defecto
7994,dedicas,7,dedicar
7995,curva,7,curva curvar
7996,cría,7,cría criar
7997,convierta,7,convertir
7998,comprometida,7,comprometida
7999,ballenas,7,ballena
8000,amigable,7,amigable
8001,aceptable,7,aceptable
8002,volverme,7,volver
8003,urgencia,7,urgencia
8004,sentarnos,7,sentar
8005,roman,7,román Roman
8006,privados,7,privado privar
8007,postura,7,postura
8008,ponernos,7,poner
8009,peluca,7,peluca
8010,parecería,7,parecer
8011,palomitas,7,palomita paloma
8012,nocturna,7,nocturno
8013,mercenarios,7,mercenario
8014,maricas,7,marica
8015,mantendrá,7,mantener
8016,intenten,7,intentar
8017,guardas,7,guardar guarda
8018,grúa,7,grúa
8019,gastado,7,gastado gastar
8020,estrelló,7,estrellar
8021,digital,7,digital
8022,dieran,7,dar
8023,corría,7,correr
8024,capturar,7,capturar
8025,campeones,7,campeón
8026,ardilla,7,ardilla
8027,apaguen,7,apagar
8028,amen,7,amar
8029,acostumbrada,7,acostumbrado acostumbrar
8030,sugerir,6,sugerir
8031,sucias,6,sucio
8032,succión,6,succión
8033,registrar,6,registrar
8034,propietario,6,propietario
8035,portero,6,portero
8036,perdonarme,6,perdonar
8037,parados,6,parado parar
8038,ofrecido,6,ofrecido ofrecer
8039,muevete,6,mover
8040,marcharme,6,marchar
8041,marchado,6,marchado
8042,israel,6,israel
8043,informarle,6,informar
8044,hablaban,6,hablar
8045,ganadores,6,ganador
8046,firmas,6,firma firmar
8047,expresar,6,expresar
8048,empezaba,6,empezar
8049,despierten,6,despertar
8050,crearon,6,crear
8051,claridad,6,claridad
8052,ciegos,6,ciego
8053,bloque,6,bloque
8054,alterado,6,alterado
8055,vestirme,6,vestir
8056,velada,6,velada velar
8057,serias,6,serio
8058,salvarla,6,salvar
8059,procedimientos,6,procedimiento
8060,porche,6,porche
8061,ponerla,6,poner
8062,pasemos,6,pasar
8063,pala,6,pala
8064,ogros,6,ogro
8065,movió,6,mover
8066,molestarme,6,molestar
8067,menuda,6,menudo
8068,hostil,6,hostil
8069,epidemia,6,epidemia
8070,enséñame,6,enseñar
8071,deténganlo,6,detener
8072,detenernos,6,detener
8073,describir,6,describir
8074,concedido,6,concedido
8075,comunicado,6,comunicado comunicar
8076,comparar,6,comparar
8077,cogeré,6,coger
8078,callas,6,callar
8079,busques,6,buscar
8080,acercándose,6,acercar
8081,abandona,6,abandonar
8082,volado,6,volado volar
8083,ventajas,6,ventaja
8084,tubería,6,tubería
8085,traicionaste,6,traicionar
8086,traerla,6,traer
8087,suministros,6,suministro
8088,regresando,6,regresar
8089,recientes,6,reciente
8090,puñado,6,puñado
8091,pretender,6,pretender
8092,pasadas,6,pasada pasado pasar
8093,guardo,6,guardar
8094,girando,6,girar
8095,fugitivo,6,fugitivo
8096,escoba,6,escoba
8097,escaparse,6,escapar
8098,empleos,6,empleo
8099,echen,6,echar
8100,duran,6,durar
8101,duque,6,duque
8102,dondequiera,6,dondequiera
8103,dibujar,6,dibujar
8104,destinado,6,destinado destinar
8105,dedico,6,dedicar
8106,cuidadoso,6,cuidadoso
8107,cristales,6,cristal
8108,creerte,6,creer
8109,clavo,6,clavo clavar
8110,cápsula,6,cápsula
8111,bastón,6,bastón
8112,atencion,6,atención
8113,aliado,6,aliado
8114,agradece,6,agradecer
8115,acepté,6,aceptar
8116,aceptaré,6,aceptar
8117,aborten,6,abortar
8118,utilizado,6,utilizado utilizar
8119,tranvía,6,tranvía
8120,trágico,6,trágico
8121,tequila,6,tequila
8122,sostener,6,sostener
8123,serviría,6,servir
8124,retira,6,retirar
8125,redonda,6,redondo
8126,realizado,6,realizado realizar
8127,protocolos,6,protocolo
8128,potente,6,potente
8129,pensábamos,6,pensar
8130,mexicanos,6,mexicano
8131,llévatelo,6,llevar
8132,inmortalidad,6,inmortalidad
8133,infectada,6,infectado
8134,experta,6,experta
8135,ética,6,ética ético
8136,estancia,6,estancia
8137,específico,6,específico
8138,empezaré,6,empezar
8139,ejecutar,6,ejecutar
8140,echarme,6,echar
8141,déjalos,6,dejar
8142,comisionado,6,comisionado
8143,chispas,6,chispa chispar
8144,cerramos,6,cerrar
8145,atraco,6,atraco
8146,asignado,6,asignado asignar
8147,asesinaste,6,asesinar
8148,armar,6,armar
8149,acuérdate,6,acordar
8150,vosotras,6,vosotras
8151,unidas,6,unido
8152,tránsito,6,tránsito
8153,suceso,6,suceso
8154,presiento,6,presentar
8155,patadas,6,patada
8156,obtuve,6,obtener
8157,músculo,6,músculo
8158,legalmente,6,legalmente
8159,imaginarme,6,imaginar
8160,honores,6,honor
8161,gordos,6,gordo
8162,furiosa,6,furioso
8163,funcionado,6,funcionar
8164,fallé,6,fallar
8165,escóndete,6,esconder
8166,declaraciones,6,declaración
8167,cumplió,6,cumplir
8168,cuerno,6,cuerno
8169,comienzan,6,comenzar
8170,clementina,6,clementina
8171,católica,6,católico
8172,carcel,6,cárcel
8173,cansados,6,cansado
8174,brasil,6,brasil
8175,asado,6,asado asar
8176,álbum,6,álbum
8177,abdominal,6,abdominal
8178,volvimos,6,volver
8179,supermercado,6,supermercado
8180,sujeta,6,sujeto sujetar
8181,suavemente,6,suavemente
8182,salvando,6,salvar
8183,reventar,6,reventar
8184,rastreo,6,rastreo rastrear
8185,quienquiera,6,quienquiera
8186,pretendo,6,pretender
8187,pertenecía,6,pertenecer
8188,perdono,6,perdonar
8189,pequeñín,6,pequeñín pequeño
8190,paganos,6,pagano
8191,onu,6,ONU
8192,obtuviste,6,obtener
8193,obliga,6,obligar
8194,nobel,6,nobel
8195,levántense,6,levantar
8196,lastime,6,lastimar
8197,inconveniente,6,inconveniente
8198,flexible,6,flexible
8199,favoritas,6,favorito
8200,escaparon,6,escapar
8201,corres,6,correr
8202,correctas,6,correcto
8203,copiado,6,copiado copiar
8204,convertí,6,convertir
8205,burla,6,burla burlar
8206,atrevido,6,atrevido
8207,alejarme,6,alejar
8208,abordar,6,abordar
8209,abejas,6,abeja
8210,vuelan,6,volar
8211,surgió,6,surgir
8212,rechazar,6,rechazar
8213,noto,6,notar
8214,negociaciones,6,negociación
8215,llamara,6,llamar
8216,irónico,6,irónico
8217,inmediata,6,inmediato
8218,incluido,6,incluido incluir
8219,hábito,6,hábito
8220,etc,6,etc
8221,escapé,6,escapar
8222,entraré,6,entrar
8223,encendedor,6,encendedor
8224,eches,6,echar
8225,dramático,6,dramático
8226,dominar,6,dominar
8227,demandas,6,demanda demandar
8228,decido,6,decidir
8229,cumplo,6,cumplir
8230,corrió,6,correr
8231,conducto,6,conducto
8232,choca,6,chocar choco
8233,area,6,área
8234,arbusto,6,arbusto
8235,ajo,6,ajo
8236,yankees,6,yankee
8237,violó,6,violar
8238,valía,6,valer
8239,tijeras,6,tijeras
8240,sugieres,6,sugerir
8241,rodea,6,rodear
8242,revisé,6,revisar
8243,programación,6,programación
8244,privadas,6,privado
8245,presidencial,6,presidencial
8246,necesitaban,6,necesitar
8247,navegación,6,navegación
8248,mencioné,6,mencionar
8249,maravillosos,6,maravilloso
8250,llamarle,6,llamar
8251,late,6,latir
8252,frecuencias,6,frecuencia
8253,estreno,6,estreno estrenar
8254,encargue,6,encargar
8255,empuje,6,empuje empujar
8256,empeorar,6,empeorar
8257,dormiré,6,dormir
8258,desaparecidos,6,desaparecido
8259,dejenme,6,dejar
8260,dare,6,dar
8261,culturas,6,cultura
8262,concreto,6,concreto concretar
8263,cesar,6,cesar
8264,caía,6,caer
8265,bailas,6,bailar
8266,autorizada,6,autorizado
8267,aleluya,6,aleluya
8268,yanquis,6,yanqui
8269,villano,6,villano
8270,superhéroe,6,superhéroe
8271,separar,6,separar
8272,quítese,6,quitar
8273,preparación,6,preparación
8274,preocupaciones,6,preocupación
8275,porcentaje,6,porcentaje
8276,ofendido,6,ofendido
8277,merecido,6,merecido
8278,matemática,6,matemática matemático
8279,marea,6,marea
8280,márchate,6,marchar
8281,limpios,6,limpio
8282,jinetes,6,jinete
8283,ingresos,6,ingreso
8284,infinito,6,infinito
8285,globos,6,globo
8286,futura,6,futuro
8287,filme,6,filmar
8288,estudiado,6,estudiado estudiar
8289,escondes,6,esconder
8290,enfoque,6,enfoque enfocar
8291,confirma,6,confirmar
8292,concentrarme,6,concentrar
8293,casamiento,6,casamiento
8294,bombardeo,6,bombardeo bombardear
8295,bolígrafo,6,bolígrafo
8296,atravesando,6,atravesar
8297,atrapan,6,atrapar
8298,aproxima,6,aproximar
8299,antepasados,6,antepasado
8300,anteojos,6,anteojos
8301,amabilidad,6,amabilidad
8302,aislamiento,6,aislamiento
8303,verga,6,verga
8304,veis,6,ver
8305,universitario,6,universitario
8306,traigas,6,traer
8307,tocino,6,tocino
8308,tito,6,titar Tito
8309,tires,6,tirar
8310,talentoso,6,talentoso
8311,rodeados,6,rodeado rodear
8312,riñones,6,riñón
8313,quites,6,quitar
8314,puños,6,puño
8315,preparé,6,preparar
8316,pipa,6,pipa
8317,percepción,6,percepción
8318,mostrarles,6,mostrar
8319,mostrador,6,mostrador
8320,habitantes,6,habitante
8321,golpeaste,6,golpear
8322,gelatina,6,gelatina
8323,explicaciones,6,explicación
8324,espina,6,espina
8325,enterrada,6,enterrado enterrar
8326,doblar,6,doblar
8327,devuelvo,6,devolver
8328,descubrimos,6,descubrir
8329,declaró,6,declarar
8330,cristiana,6,cristiano
8331,crío,6,crío criar
8332,conquista,6,conquista conquistar
8333,confiado,6,confiado confiar
8334,cómics,6,cómic
8335,bolos,6,bolo
8336,barriga,6,barriga
8337,aparecerá,6,aparecer
8338,agradecidos,6,agradecido
8339,aficionado,6,aficionado
8340,yace,6,yacer
8341,sucedería,6,suceder
8342,ruptura,6,ruptura
8343,quítale,6,quitar
8344,protegida,6,protegido
8345,perdamos,6,perder
8346,negó,6,negar
8347,mantienes,6,mantener
8348,maniobra,6,maniobra
8349,jurar,6,jurar
8350,impresionar,6,impresionar
8351,ilusiones,6,ilusión
8352,ignorante,6,ignorante
8353,generadores,6,generador
8354,figuras,6,figura figurar
8355,exhausto,6,exhausto
8356,enfrentarse,6,enfrentar
8357,duelen,6,dolar
8358,divertirte,6,divertir
8359,dirigimos,6,dirigir
8360,dental,6,dental
8361,cuénteme,6,contar
8362,correos,6,correo
8363,carolina,6,carolino Carolina
8364,campesinos,6,campesino
8365,bombarderos,6,bombardero
8366,bares,6,bar
8367,vendes,6,vender
8368,suero,6,suero
8369,sermón,6,sermón
8370,puerco,6,puerco
8371,provoca,6,provocar
8372,prestas,6,prestar
8373,pidas,6,pedir
8374,pasarán,6,pasar
8375,paces,6,pacer
8376,oponente,6,oponente
8377,oigas,6,oír
8378,maya,6,maya
8379,lastimes,6,lastimar
8380,jardinero,6,jardinero
8381,interferir,6,interferir
8382,importará,6,importar
8383,hablarles,6,hablar
8384,ganaremos,6,ganar
8385,forzado,6,forzado forzar
8386,explicarme,6,explicar
8387,espérenme,6,esperar
8388,enamoré,6,enamorar
8389,disturbios,6,disturbio
8390,devuélveme,6,devolver
8391,detenerla,6,detener
8392,cuanta,6,cuanto
8393,clásica,6,clásico
8394,chaleco,6,chaleco
8395,cafe,6,café
8396,ballena,6,ballena
8397,bajaré,6,bajar
8398,amos,6,amo
8399,altitud,6,altitud
8400,acontecimientos,6,acontecimiento
8401,acababa,6,acabar
8402,vigilante,6,vigilante
8403,tomografía,6,tomografía
8404,resurrección,6,resurrección
8405,rencor,6,rencor
8406,probemos,6,probar
8407,pólvora,6,pólvora
8408,ofensiva,6,ofensiva
8409,nono,6,nono
8410,narcóticos,6,narcótico
8411,mudar,6,mudar
8412,intentaste,6,intentar
8413,ganarle,6,ganar
8414,forman,6,formar
8415,ficha,6,ficha
8416,ferrocarril,6,ferrocarril
8417,falleció,6,fallecer
8418,divierte,6,divertir
8419,directores,6,director
8420,dificultad,6,dificultad
8421,desesperadamente,6,desesperadamente
8422,démosle,6,dar
8423,culos,6,culo
8424,creyendo,6,creer
8425,comprador,6,comprador
8426,casaré,6,casar
8427,balance,6,balance
8428,asustes,6,asustar
8429,alienígena,6,alienígeno
8430,alcanzo,6,alcanzar
8431,ventilación,6,ventilación
8432,tregua,6,tregua
8433,traficantes,6,traficante
8434,subterráneo,6,subterráneo
8435,simulación,6,simulación
8436,secuestradores,6,secuestrador
8437,sangra,6,sangrar
8438,resolverlo,6,resolver
8439,realeza,6,realeza
8440,presidenta,6,presidenta
8441,pensaban,6,pensar
8442,parecida,6,parecido parecer
8443,pagarme,6,pagar
8444,oraciones,6,oración
8445,marruecos,6,Marruecos
8446,levantate,6,levantar
8447,lastimé,6,lastimar
8448,iniciales,6,inicial
8449,imitación,6,imitación
8450,financiera,6,financiera financiero
8451,exquisito,6,exquisito
8452,esponja,6,esponja
8453,entrevistas,6,entrevista
8454,enterarme,6,enterar
8455,entenderá,6,entender
8456,enseñas,6,enseñar
8457,convertirte,6,convertir
8458,cansé,6,cansar
8459,cambiaría,6,cambiar
8460,bang,6,bang
8461,arresten,6,arrestar
8462,argentina,6,argentino
8463,adjunto,6,adjunto
8464,acordado,6,acordado
8465,trofeo,6,trofeo
8466,trayendo,6,traer
8467,seguras,6,seguro
8468,satélites,6,satélite
8469,sacarlos,6,sacar
8470,rezo,6,rezo rezar
8471,regular,6,regular
8472,pretendes,6,pretender
8473,póliza,6,póliza
8474,piérdete,6,perder
8475,marqués,6,marqués
8476,malvados,6,malvado
8477,leia,6,leer
8478,invitarte,6,invitar
8479,fanático,6,fanático
8480,factura,6,factura facturar
8481,extrañaré,6,extrañar
8482,escoria,6,escoria
8483,décadas,6,década
8484,cortada,6,cortado
8485,considere,6,considerar
8486,comprensión,6,comprensión
8487,codo,6,codo
8488,claras,6,claro
8489,calme,6,calmar
8490,cabras,6,cabra
8491,balazo,6,balazo
8492,bájala,6,bajar
8493,babilonia,6,babilonio
8494,arruiné,6,arruinar
8495,arbustos,6,arbusto
8496,apodo,6,apodo
8497,alumna,6,alumna
8498,aleja,6,alejar
8499,albania,6,Albania
8500,ahogado,6,ahogado
8501,acercamos,6,acercar
8502,abrimos,6,abrir
8503,veterinario,6,veterinario
8504,vecina,6,vecina
8505,usada,6,usado usar
8506,puros,6,puro
8507,puntería,6,puntería
8508,públicas,6,público
8509,pronóstico,6,pronóstico
8510,planeas,6,planear
8511,pasarla,6,pasar
8512,optimista,6,optimista
8513,odiaría,6,odiar
8514,obreros,6,obrero
8515,mentiría,6,mentir
8516,marino,6,marino
8517,luchamos,6,luchar
8518,letal,6,letal
8519,judicial,6,judicial
8520,exceso,6,exceso
8521,enigma,6,enigma
8522,canasta,6,canasta
8523,buscarlos,6,buscar
8524,blues,6,blues
8525,apunto,6,apuntar
8526,aparatos,6,aparato
8527,aguante,6,aguante aguantar
8528,agarramos,6,agarrar
8529,adictos,6,adicto
8530,vinci,6,vencer
8531,tramando,6,tramar
8532,tácticas,6,táctica
8533,sostiene,6,sostener
8534,signifique,6,significar
8535,significar,6,significar
8536,sato,6,sato
8537,sarcófago,6,sarcófago
8538,reportaje,6,reportaje
8539,religiosa,6,religioso
8540,reconstruir,6,reconstruir
8541,propone,6,proponer
8542,precaución,6,precaución
8543,portador,6,portador
8544,popa,6,popa
8545,parlamento,6,parlamento
8546,ofrecerte,6,ofrecer
8547,ocuparse,6,ocupar
8548,nombrar,6,nombrar
8549,molestan,6,molestar
8550,lecturas,6,lectura
8551,iríamos,6,ir
8552,haríamos,6,hacer
8553,guardería,6,guardería
8554,francotiradores,6,francotirador
8555,exista,6,existir
8556,evidentemente,6,evidentemente
8557,enfrenta,6,enfrentar
8558,destruya,6,destruir
8559,defenderse,6,defender
8560,continente,6,continente
8561,consideran,6,considerar
8562,ausente,6,ausente
8563,anochecer,6,anochecer
8564,alrededores,6,alrededor
8565,aduana,6,aduana
8566,winchester,6,winchester
8567,utah,6,utah
8568,ultimamente,6,últimamente
8569,sospechosa,6,sospechoso
8570,séptimo,6,séptimo
8571,seguirme,6,seguir
8572,sálvame,6,salvar
8573,romeo,6,romeo Romeo
8574,robos,6,robo
8575,ratones,6,ratón
8576,quitarse,6,quitar
8577,publico,6,publicar público
8578,profeta,6,profeta
8579,presentarle,6,presentar
8580,paramédicos,6,paramédico
8581,opiniones,6,opinión
8582,mostrado,6,mostrado mostrar
8583,miramos,6,mirar
8584,invertido,6,invertido invertir
8585,ídolo,6,ídolo
8586,hijita,6,hijita
8587,ganancia,6,ganancia
8588,esperaría,6,esperar
8589,esperará,6,esperar
8590,dudar,6,dudar
8591,destruyeron,6,destruir
8592,construida,6,construido construir
8593,confíes,6,confiar
8594,comeremos,6,comer
8595,bus,6,bus
8596,bienestar,6,bienestar
8597,bailamos,6,bailar
8598,ayudaremos,6,ayudar
8599,autodestrucción,6,autodestrucción
8600,ahogó,6,ahogar
8601,acercarte,6,acercar
8602,violentos,6,violento
8603,valga,6,valer
8604,vacíos,6,vacío
8605,triángulo,6,triángulo
8606,traslado,6,traslado trasladar
8607,tigres,6,tigre
8608,supieran,6,saber
8609,sorprendida,6,sorprendido
8610,solían,6,soler
8611,soda,6,soda
8612,secundarios,6,secundario
8613,secuestrador,6,secuestrador
8614,recupera,6,recuperar
8615,rechazo,6,rechazo rechazar
8616,ramas,6,rama
8617,preciosas,6,precioso
8618,ofrecieron,6,ofrecer
8619,locuras,6,locura
8620,lino,6,lino
8621,libera,6,liberar
8622,legítimo,6,legítimo
8623,lastimó,6,lastimar
8624,huérfanos,6,huérfano
8625,generosa,6,generoso
8626,exijo,6,exigir
8627,escáner,6,escáner
8628,entenderás,6,entender
8629,desaparecen,6,desaparecer
8630,cruzó,6,cruzar
8631,continuará,6,continuar
8632,confirmada,6,confirmado
8633,cocinera,6,cocinera
8634,claros,6,claro
8635,ciclo,6,ciclo
8636,caminas,6,caminar
8637,bando,6,bando
8638,avergonzada,6,avergonzado
8639,atraviesa,6,atravesar
8640,atentamente,6,atentamente
8641,arruinando,6,arruinar
8642,adicción,6,adicción
8643,violenta,6,violento
8644,únicamente,6,únicamente
8645,suéter,6,suéter
8646,sudor,6,sudor
8647,significaría,6,significar
8648,reemplazo,6,reemplazo reemplazar
8649,quiebra,6,quiebra quebrar
8650,peligros,6,peligro
8651,matare,6,matar
8652,llamare,6,llamar
8653,litro,6,litro
8654,irías,6,ir
8655,humillación,6,humillación
8656,glorioso,6,glorioso
8657,gasto,6,gasto gastar
8658,faro,6,faro
8659,exclusiva,6,exclusiva
8660,entrenando,6,entrenar
8661,empezará,6,empezar
8662,diabetes,6,diabetes
8663,conteo,6,conteo
8664,centros,6,centro
8665,captura,6,captura capturar
8666,balcón,6,balcón
8667,asegúrese,6,asegurar
8668,arder,6,arder
8669,apretar,6,apretar
8670,aprenderás,6,aprender
8671,abrieron,6,abrir
8672,visitarme,6,visitar
8673,verduras,6,verdura
8674,venecia,6,Venecia
8675,vendrían,6,venir
8676,vales,6,valer vale
8677,tardaste,6,tardar
8678,suicidarse,6,suicidar
8679,simio,6,simio
8680,sensibilidad,6,sensibilidad
8681,retire,6,retirar
8682,respondió,6,responder
8683,rendirse,6,rendir
8684,pusiera,6,poner
8685,principalmente,6,principalmente
8686,preferida,6,preferido
8687,órgano,6,órgano
8688,operador,6,operador
8689,náuseas,6,náusea
8690,mudarse,6,mudar
8691,mirame,6,mirar
8692,mátalos,6,matar
8693,madam,6,madam
8694,llevare,6,llevar
8695,invitaron,6,invitar
8696,intruso,6,intruso
8697,idiomas,6,idioma
8698,hoguera,6,hoguera
8699,hablara,6,hablar
8700,genes,6,gen
8701,entregas,6,entrega entregar
8702,encontrada,6,encontrado encontrar
8703,echarte,6,echar
8704,echamos,6,echar
8705,devuelva,6,devolver
8706,detenerte,6,detener
8707,deshacer,6,deshacer
8708,cosmo,6,cosmos
8709,comprarle,6,comprar
8710,comenzaremos,6,comenzar
8711,cerré,6,cerrar
8712,bloqueando,6,bloquear bloquear
8713,asustarte,6,asustar
8714,asegura,6,asegurar
8715,vitaminas,6,vitamina
8716,vengarse,6,vengar
8717,valla,6,valla
8718,trozos,6,trozo
8719,tímida,6,tímido
8720,superado,6,superado superar
8721,sueña,6,soñar
8722,seguidos,6,seguido
8723,salvavidas,6,salvavidas
8724,remolque,6,remolque
8725,prometer,6,prometer
8726,proceder,6,proceder
8727,prepararme,6,preparar
8728,pediatría,6,pediatría
8729,pagos,6,pago
8730,pagarte,6,pagar
8731,ninja,6,ninja
8732,nieta,6,nieta
8733,motocicleta,6,motocicleta
8734,mostrando,6,mostrar
8735,montana,6,montana
8736,miedos,6,miedo
8737,mantendremos,6,mantener
8738,mandíbula,6,mandíbula
8739,luchas,6,lucha luchar
8740,logras,6,lograr
8741,levanté,6,levantar
8742,lanzado,6,lanzado lanzar
8743,intrusos,6,intruso
8744,insistió,6,insistir
8745,habria,6,haber
8746,gritó,6,gritar
8747,ganarme,6,ganar
8748,decepción,6,decepción
8749,cubriendo,6,cubrir
8750,continuemos,6,continuar
8751,consideración,6,consideración
8752,conduzco,6,conducir
8753,colchón,6,colchón
8754,chupa,6,chupar
8755,camisas,6,camisa
8756,buscabas,6,buscar
8757,bloqueo,6,bloqueo bloquear
8758,armamento,6,armamento
8759,amenazando,6,amenazar
8760,alias,6,alias
8761,virginidad,6,virginidad
8762,vengar,6,vengar
8763,tornado,6,tornado
8764,series,6,serie
8765,sácala,6,sacar
8766,rompan,6,romper
8767,responden,6,responder
8768,reclamar,6,reclamar
8769,presentaré,6,presentar
8770,preguntamos,6,preguntar
8771,predicador,6,predicador
8772,pintor,6,pintor
8773,paguen,6,pagar
8774,ofreciendo,6,ofrecer
8775,matriz,6,matriz
8776,maricones,6,maricón
8777,libra,6,libra librar
8778,jugó,6,jugar
8779,jodió,6,joder
8780,invité,6,invitar
8781,inodoro,6,inodoro
8782,ingresar,6,ingresar
8783,ignorancia,6,ignorancia
8784,ibamos,6,ir
8785,gustara,6,gustar
8786,extiende,6,extender
8787,exagerando,6,exagerar
8788,cuido,6,cuidar
8789,cuidarte,6,cuidar
8790,colapso,6,colapso colapsar
8791,buzón,6,buzón
8792,buenísimo,6,bueno
8793,bretaña,6,Bretaña
8794,bree,6,brear
8795,bárbaro,6,bárbaro
8796,asombrosa,6,asombroso
8797,alérgico,6,alérgico
8798,acostaste,6,acostar
8799,abrirlo,6,abrir
8800,vip,6,vip
8801,trueno,6,trueno
8802,tesoros,6,tesoro
8803,superhéroes,6,superhéroe
8804,seras,6,ser
8805,rotas,6,roto
8806,recupere,6,recuperar
8807,quejarte,6,quejar
8808,pulgar,6,pulgar
8809,pillado,6,pillado
8810,pensemos,6,pensar
8811,pausa,6,pausa
8812,pandillas,6,pandilla
8813,pagaremos,6,pagar
8814,olvidaba,6,olvidar
8815,normalidad,6,normalidad
8816,muérete,6,morir
8817,movido,6,movido mover
8818,miligramos,6,miligramo
8819,meteré,6,meter
8820,matrix,6,matrix
8821,honestidad,6,honestidad
8822,golpearme,6,golpear
8823,frasco,6,frasco
8824,expulsado,6,expulsado expulsar
8825,espectros,6,espectro
8826,cubiertas,6,cubierto
8827,confié,6,confiar
8828,clemencia,6,clemencia
8829,cago,6,cagar
8830,bromea,6,bromear
8831,atún,6,atún
8832,ático,6,ático
8833,arreglé,6,arreglar
8834,amnesia,6,amnesia
8835,acusa,6,acusar
8836,situacion,6,situación
8837,servidor,6,servidor
8838,seran,6,ser
8839,recoja,6,recoger
8840,ramón,6,ramón Ramón
8841,psiquiátrico,6,psiquiátrico
8842,protesto,6,protesto
8843,prisiones,6,prisión
8844,porquerías,6,porquería
8845,pondrán,6,poner
8846,munición,6,munición
8847,mudarnos,6,mudar
8848,molesten,6,molestar
8849,mentales,6,mental
8850,llámalo,6,llamar
8851,jurisdicción,6,jurisdicción
8852,informante,6,informante
8853,guardan,6,guardar
8854,frases,6,frase
8855,estuviéramos,6,estar
8856,estaria,6,estar
8857,enviará,6,enviar
8858,entorno,6,entorno
8859,engañarme,6,engañar
8860,enfrentamos,6,enfrentar
8861,diviértanse,6,divertir
8862,distracción,6,distracción
8863,déjale,6,dejar
8864,cuadrante,6,cuadrante
8865,cuaderno,6,cuaderno
8866,caminaba,6,caminar
8867,bledo,6,bledo
8868,altar,6,altar
8869,zanahoria,6,zanahoria
8870,viviremos,6,vivir
8871,tomada,6,tomado tomar
8872,tendras,6,tener
8873,sugirió,6,sugerir
8874,rabino,6,rabino
8875,quisiéramos,6,querer
8876,promoción,6,promoción
8877,práctico,6,práctico
8878,peleo,6,pelear
8879,pálido,6,pálido
8880,pagaste,6,pagar
8881,orfanato,6,orfanato
8882,operativo,6,operativo
8883,mutación,6,mutación
8884,monta,6,montar
8885,mayoria,6,mayoría
8886,mandaste,6,mandar
8887,luto,6,luto
8888,llevaban,6,llevar
8889,interese,6,interesar
8890,indicios,6,indicio
8891,impostor,6,impostor
8892,histórico,6,histórico
8893,explicas,6,explicar
8894,estrictamente,6,estrictamente
8895,estaras,6,estar
8896,establo,6,establo
8897,diseñador,6,diseñador
8898,deprimente,6,deprimente
8899,defectos,6,defecto
8900,crié,6,criar
8901,corregir,6,corregir
8902,caros,6,caro
8903,banquero,6,banquero
8904,aparta,6,apartar
8905,analizar,6,analizar
8906,vainilla,6,vainilla
8907,transbordador,6,transbordador
8908,taxista,6,taxista
8909,superficial,6,superficial
8910,sirviendo,6,servir
8911,separe,6,separar
8912,seguiría,6,seguir
8913,robe,6,robar
8914,rituales,6,ritual
8915,revela,6,revelar
8916,régimen,6,régimen
8917,protegen,6,proteger
8918,preocuparía,6,preocupar
8919,pollos,6,pollo
8920,pis,6,pis
8921,obsequio,6,obsequio
8922,nace,6,nacer
8923,mirarlo,6,mirar
8924,manada,6,manada
8925,hambrientos,6,hambriento
8926,formulario,6,formulario
8927,fibra,6,fibra
8928,feas,6,feo
8929,divertirme,6,divertir
8930,divertimos,6,divertir
8931,culpes,6,culpar
8932,creéis,6,crear
8933,convento,6,convento
8934,continúan,6,continuar
8935,comamos,6,comer
8936,cierran,6,cerrar
8937,champagne,6,champagne
8938,candidatos,6,candidato
8939,camine,6,caminar
8940,calabozo,6,calabozo
8941,cal,6,cal
8942,besa,6,besar
8943,arreglando,6,arreglar
8944,armonía,6,armonía
8945,ame,6,amar
8946,agarraron,6,agarrar
8947,aeropuertos,6,aeropuerto
8948,tope,6,tope
8949,tontas,6,tonto
8950,setenta,6,setenta
8951,rodaje,6,rodaje
8952,reuniremos,6,reunir
8953,relájese,6,relajar
8954,recta,6,recta
8955,psicología,6,psicología
8956,pierdan,6,perder
8957,pastilla,6,pastilla
8958,paseando,6,pasear
8959,pasados,6,pasado pasar
8960,ocultando,6,ocultar
8961,movida,6,movida movido mover
8962,morirse,6,morir
8963,mérito,6,mérito
8964,marchen,6,marchar
8965,ingreso,6,ingreso ingresar
8966,informó,6,informar
8967,industrias,6,industria
8968,fundamental,6,fundamental
8969,francotirador,6,francotirador
8970,flaco,6,flaco
8971,fallaste,6,fallar
8972,estambul,6,Estambul
8973,entraremos,6,entrar
8974,duendes,6,duende
8975,dobles,6,doble
8976,descubriste,6,descubrir
8977,derribar,6,derribar
8978,demandar,6,demandar
8979,delincuentes,6,delincuente
8980,cuidarme,6,cuidar
8981,créditos,6,crédito
8982,corrí,6,correr
8983,cera,6,cera
8984,brazalete,6,brazalete
8985,bolsón,6,bolsón
8986,apertura,6,apertura
8987,amé,6,amar
8988,abandono,6,abandono abandonar
8989,vivirás,5,vivir
8990,vendas,5,venda vender
8991,utilizando,5,utilizar
8992,temible,5,temible
8993,tacto,5,tacto
8994,reporteros,5,reportero
8995,reemplazar,5,reemplazar
8996,prepararte,5,preparar
8997,precauciones,5,precaución
8998,planeamos,5,planear
8999,ocuparemos,5,ocupar
9000,monja,5,monja
9001,moisés,5,moisés Moisés
9002,matones,5,matón
9003,lucio,5,lucio
9004,gala,5,gala
9005,estais,5,estar
9006,entrañas,5,entrañas
9007,elijo,5,elegir
9008,distribución,5,distribución
9009,dispararme,5,disparar
9010,dimensión,5,dimensión
9011,despiertas,5,despierto despertar
9012,despertarte,5,despertar
9013,creíamos,5,creer
9014,creerías,5,creer
9015,corrientes,5,corriente
9016,controlo,5,controlar
9017,conseguirá,5,conseguir
9018,compraron,5,comprar
9019,cometiste,5,cometer
9020,celulares,5,celular
9021,campanas,5,campana
9022,burbujas,5,burbuja
9023,besarme,5,besar
9024,atada,5,atado atar
9025,apuros,5,apuro
9026,agradas,5,agradar
9027,admirable,5,admirable
9028,web,5,web
9029,testificar,5,testificar
9030,teniamos,5,tener
9031,robamos,5,robar
9032,retiró,5,retirar
9033,resumen,5,resumen resumir
9034,proximo,5,próximo
9035,presten,5,prestar
9036,presidencia,5,presidencia
9037,pica,5,picar
9038,pelee,5,pelear
9039,ofrecí,5,ofrecer
9040,obtenido,5,obtenido obtener
9041,mudamos,5,mudar
9042,manejas,5,manejar
9043,maligno,5,maligno
9044,lodo,5,lodo
9045,limonada,5,limonada
9046,lazos,5,lazo
9047,investiga,5,investigar
9048,inventando,5,inventar
9049,intervención,5,intervención
9050,informacion,5,información
9051,inclusive,5,inclusive
9052,funcionamiento,5,funcionamiento
9053,fugitivos,5,fugitivo
9054,esten,5,estar
9055,entendía,5,entender
9056,embarazoso,5,embarazoso
9057,electrónica,5,electrónico
9058,échate,5,echar
9059,drogada,5,drogado
9060,distinguir,5,distinguir
9061,difunto,5,difunto
9062,destruidos,5,destruido
9063,declara,5,declarar
9064,cumpla,5,cumplir
9065,contraté,5,contratar
9066,cobro,5,cobrar
9067,circuitos,5,circuito
9068,capas,5,capa
9069,aspirina,5,aspirina
9070,amenazado,5,amenazado amenazar
9071,alcaide,5,alcaide
9072,alaska,5,Alaska
9073,acta,5,acta
9074,ace,5,ace
9075,accidentalmente,5,accidentalmente
9076,unió,5,unir
9077,tuberías,5,tubería
9078,testículos,5,testículo
9079,tenerlos,5,tener
9080,supervisión,5,supervisión
9081,rompieron,5,romper
9082,robada,5,robado
9083,rastreador,5,rastreador
9084,ramos,5,ramo
9085,quemada,5,quemado
9086,queens,5,queens
9087,púrpura,5,púrpura
9088,pascua,5,pascua
9089,pasarás,5,pasar
9090,pabellón,5,pabellón
9091,movemos,5,mover
9092,mantenernos,5,mantener
9093,magnifico,5,magnífico
9094,llevemos,5,llevar
9095,limosina,5,limosina
9096,libremente,5,libremente
9097,lgual,5,igual
9098,frías,5,frío
9099,filmando,5,filmar
9100,estomago,5,estómago
9101,esqueleto,5,esqueleto
9102,dele,5,dar
9103,cuidará,5,cuidar
9104,consiste,5,consistir
9105,complicaciones,5,complicación
9106,camello,5,camello
9107,caligrafía,5,caligrafía
9108,avaricia,5,avaricia
9109,arzobispo,5,arzobispo
9110,antibióticos,5,antibiótico
9111,amaré,5,amar
9112,templarios,5,templario
9113,superarlo,5,superar
9114,sonando,5,sonar
9115,sesenta,5,sesenta
9116,sanguínea,5,sanguíneo
9117,salas,5,sala
9118,reparto,5,reparto repartir
9119,relato,5,relato relatar
9120,regresaron,5,regresar
9121,recibirás,5,recibir
9122,prefieren,5,preferir
9123,podrido,5,podrido
9124,pieles,5,piel
9125,perdonará,5,perdonar
9126,peleaste,5,pelear
9127,partimos,5,partir
9128,mozo,5,mozo
9129,manga,5,manga
9130,llantas,5,llanta
9131,jala,5,jalar
9132,internacionales,5,internacional
9133,ganarse,5,ganar
9134,encerrada,5,encerrado encerrar
9135,drogadicto,5,drogadicto
9136,dorada,5,dorado
9137,disponibles,5,disponible
9138,devuelves,5,devolver
9139,desees,5,desear
9140,cruzada,5,cruzada cruzado cruzar
9141,corras,5,correr
9142,compran,5,comprar
9143,cogiendo,5,coger
9144,cancion,5,canción
9145,cancelado,5,cancelado
9146,baratos,5,barato
9147,aula,5,aula
9148,argumento,5,argumento
9149,apurado,5,apurado
9150,variar,5,variar
9151,vals,5,vals
9152,tomarás,5,tomar
9153,tinieblas,5,tinieblas
9154,sexualmente,5,sexualmente
9155,sere,5,ser
9156,sacará,5,sacar
9157,robótica,5,robótica
9158,revelado,5,revelado revelar
9159,proponer,5,proponer
9160,prevenir,5,prevenir
9161,pleno,5,pleno
9162,pellejo,5,pellejo
9163,pégame,5,pegar
9164,pecadores,5,pecador
9165,paradero,5,paradero
9166,odiar,5,odiar
9167,noventa,5,noventa
9168,noroeste,5,noroeste
9169,necesitemos,5,necesitar
9170,monjas,5,monja
9171,mexicana,5,mexicano
9172,masajes,5,masaje
9173,manteniendo,5,mantener
9174,limusina,5,limusina
9175,lema,5,lema
9176,huelen,5,oler
9177,gen,5,gen
9178,gabinete,5,gabinete
9179,furgoneta,5,furgoneta
9180,faraón,5,faraón
9181,facturas,5,factura facturar
9182,estudia,5,estudiar
9183,entendería,5,entender
9184,engañaste,5,engañar
9185,empujar,5,empujar
9186,emocionada,5,emocionado
9187,eminencia,5,eminencia
9188,ejecutado,5,ejecutar
9189,creyeron,5,creer
9190,corrupto,5,corrupto
9191,convierten,5,convertir
9192,columbia,5,Columbia
9193,católico,5,católico
9194,basa,5,basar
9195,alá,5,alá
9196,acuario,5,acuario
9197,acabarás,5,acabar
9198,vara,5,vara
9199,traido,5,traer
9200,sudando,5,sudar
9201,sobrevivirá,5,sobrevivir
9202,rompimos,5,romper
9203,practica,5,practicar práctica
9204,perderme,5,perder
9205,partió,5,partir
9206,partículas,5,partícula
9207,occidente,5,occidente
9208,nevera,5,nevera
9209,negado,5,negado negar
9210,molestarla,5,molestar
9211,masculino,5,masculino
9212,marcharte,5,marchar
9213,lloro,5,llorar
9214,librería,5,librería
9215,intacta,5,intacto
9216,impulsos,5,impulso
9217,hormigas,5,hormiga
9218,guerrera,5,guerrera guerrero
9219,golpee,5,golpear
9220,fresas,5,fresa
9221,facilidad,5,facilidad
9222,extranjera,5,extranjero
9223,entregaré,5,entregar
9224,encerrar,5,encerrar
9225,dígaselo,5,decir
9226,devuelto,5,devuelto devolver
9227,devoción,5,devoción
9228,descubra,5,descubrir
9229,desaparezca,5,desaparecer
9230,denegado,5,denegado
9231,cumpliendo,5,cumplir
9232,corredores,5,corredor
9233,constitución,5,constitución
9234,conserje,5,conserje
9235,comienzas,5,comenzar
9236,cereal,5,cereal
9237,apoya,5,apoyar
9238,aparecieron,5,aparecer
9239,abordo,5,abordo
9240,zurdo,5,zurdo
9241,vendiste,5,vender
9242,turcos,5,turco
9243,turbulencia,5,turbulencia
9244,tragar,5,tragar
9245,tráela,5,traer
9246,típica,5,típico
9247,rostros,5,rostro
9248,recogió,5,recoger
9249,presiones,5,presión
9250,preparativos,5,preparativo
9251,póquer,5,póquer
9252,perdi,5,perder
9253,pediría,5,pedir
9254,organismo,5,organismo
9255,oportuno,5,oportuno
9256,norteamérica,5,Norteamérica
9257,necesitado,5,necesitado necesitar
9258,morder,5,morder
9259,mienten,5,mentar
9260,mariquita,5,mariquita
9261,luchó,5,luchar
9262,logrará,5,lograr
9263,lamentable,5,lamentable
9264,jet,5,jet
9265,invitaste,5,invitar
9266,inversores,5,inversor
9267,infiel,5,infiel
9268,habian,5,haber
9269,funcionara,5,funcionar
9270,frijoles,5,frijol
9271,formal,5,formal
9272,fenómenos,5,fenómeno
9273,expreso,5,expresar
9274,escondió,5,esconder
9275,empujen,5,empujar
9276,discutiremos,5,discutir
9277,diplomático,5,diplomático
9278,desprecio,5,desprecio
9279,deshacerte,5,deshacer
9280,deriva,5,deriva
9281,cuéntale,5,contar
9282,contamos,5,contar
9283,conocerme,5,conocer
9284,coges,5,coger
9285,civilizado,5,civilizado
9286,buscó,5,buscar
9287,besarte,5,besar
9288,asustarme,5,asustar
9289,arrodíllate,5,arrodillar
9290,arriesgarnos,5,arriesgar
9291,arrecife,5,arrecife
9292,agradan,5,agradar
9293,acuéstate,5,acostar
9294,acostar,5,acostar
9295,acompañar,5,acompañar
9296,yegua,5,yegua
9297,turista,5,turista
9298,transilvania,5,Transilvania
9299,taquicardia,5,taquicardia
9300,suegra,5,suegra
9301,sucediera,5,suceder
9302,sensual,5,sensual
9303,recomendación,5,recomendación
9304,recogiendo,5,recoger
9305,quisieron,5,querer
9306,quemen,5,quemar
9307,pescador,5,pescador
9308,oxford,5,oxford
9309,monton,5,montón
9310,menta,5,menta
9311,juró,5,jurar
9312,jodete,5,joder
9313,ganaba,5,ganar
9314,formidable,5,formidable
9315,equivocó,5,equivocar
9316,directiva,5,directiva
9317,despedirte,5,despedir
9318,debéis,5,deber
9319,cruces,5,cruce cruz cruzar
9320,creativo,5,creativo
9321,contener,5,contener
9322,comprueba,5,comprobar comprueba
9323,compórtate,5,comportar
9324,chantaje,5,chantaje
9325,bromear,5,bromear
9326,bici,5,bici
9327,bajamos,5,bajar
9328,ayudantes,5,ayudante
9329,apártese,5,apartar
9330,alejada,5,alejado alejar
9331,aceptamos,5,aceptar
9332,acabaría,5,acabar
9333,volverías,5,volver
9334,víspera,5,víspera
9335,usará,5,usar
9336,terapeuta,5,terapeuta
9337,subiré,5,subir
9338,soborno,5,soborno
9339,sesiones,5,sesión
9340,rutas,5,ruta
9341,resultar,5,resultar
9342,recordando,5,recordar
9343,quisieran,5,querer
9344,puestas,5,puesto poner
9345,pregunten,5,preguntar
9346,pidan,5,pedir
9347,payasos,5,payaso
9348,ordené,5,ordenar
9349,opino,5,opinar
9350,oiste,5,oír
9351,nalgas,5,nalga
9352,mision,5,misión
9353,medallón,5,medallón
9354,luzco,5,lucir
9355,lasaña,5,lasaña
9356,kilómetro,5,kilómetro
9357,índice,5,índice
9358,incluir,5,incluir
9359,improbable,5,improbable
9360,guiar,5,guiar
9361,garage,5,garage
9362,fogata,5,fogata
9363,flan,5,flan
9364,espiando,5,espiar
9365,detonador,5,detonador
9366,deportivo,5,deportivo
9367,cuéntanos,5,contar
9368,creímos,5,creer
9369,concentrado,5,concentrado
9370,ciegas,5,ciego
9371,catéter,5,catéter
9372,campeon,5,campeón
9373,borrado,5,borrado
9374,bajan,5,bajar
9375,bailes,5,baile
9376,arriesgando,5,arriesgar
9377,apoyado,5,apoyado apoyar
9378,androide,5,androide
9379,agrado,5,agrado
9380,vómito,5,vómito
9381,violeta,5,violeta
9382,troyanos,5,troyano
9383,traerle,5,traer
9384,taberna,5,taberna
9385,sujetos,5,sujeto
9386,subí,5,subir
9387,suben,5,subir
9388,solteros,5,soltero
9389,sólido,5,sólido
9390,secuestrada,5,secuestrado
9391,respondes,5,responder
9392,refugiados,5,refugiado refugiar
9393,recompensas,5,recompensa
9394,propósitos,5,propósito
9395,presionar,5,presionar
9396,poemas,5,poema
9397,pesados,5,pesado
9398,pegarme,5,pegar
9399,nochebuena,5,Nochebuena
9400,mudarme,5,mudar
9401,montado,5,montado montar
9402,meteorito,5,meteorito
9403,masas,5,masa
9404,jabalí,5,jabalí
9405,invitarme,5,invitar
9406,intensidad,5,intensidad
9407,impresionó,5,impresionar
9408,imagine,5,imaginar
9409,húmedo,5,húmedo
9410,humedad,5,humedad
9411,frontal,5,frontal
9412,fieles,5,fiel
9413,fé,5,fé
9414,específicamente,5,específicamente
9415,enterar,5,enterar
9416,encerrados,5,encerrado encerrar
9417,determinación,5,determinación
9418,deciden,5,decidir
9419,culpas,5,culpa
9420,creamos,5,crear
9421,conferencias,5,conferencia
9422,buscaste,5,buscar
9423,burdel,5,burdel
9424,bistec,5,bistec
9425,arroja,5,arrojar
9426,árabes,5,árabe
9427,añadir,5,añadir
9428,agradables,5,agradable
9429,aficionados,5,aficionado
9430,soltó,5,soltar
9431,saltando,5,saltar
9432,sábados,5,sábado
9433,respetado,5,respetado respetar
9434,racional,5,racional
9435,pruébalo,5,probar
9436,proteja,5,proteger
9437,preocuparnos,5,preocupar
9438,ponerlos,5,poner
9439,mírenlo,5,mirar
9440,mencionaste,5,mencionar
9441,medir,5,medir
9442,lléveme,5,llevar
9443,irresponsable,5,irresponsable
9444,inmunidad,5,inmunidad
9445,honra,5,honra honrar
9446,hablarlo,5,hablar
9447,gusten,5,gustar
9448,finge,5,fingir
9449,escombros,5,escombro
9450,egipcios,5,egipcio
9451,dragones,5,dragón
9452,diciéndome,5,decir
9453,diariamente,5,diariamente
9454,detuvieron,5,detener
9455,cuestiones,5,cuestión
9456,crezca,5,crecer
9457,chester,5,chéster
9458,carruaje,5,carruaje
9459,características,5,característico
9460,bragas,5,braga
9461,bailo,5,bailar
9462,avisaré,5,avisar
9463,arrepentirás,5,arrepentir
9464,álamo,5,álamo
9465,afectar,5,afectar
9466,adopción,5,adopción
9467,visitante,5,visitante
9468,trayectoria,5,trayectoria
9469,tenerme,5,tener
9470,sujétense,5,sujetar
9471,submarinos,5,submarino
9472,señuelo,5,señuelo
9473,sentamos,5,sentar
9474,satisfacer,5,satisfacer
9475,roble,5,roble
9476,revancha,5,revancha
9477,recogeré,5,recoger
9478,probaré,5,probar
9479,prepararse,5,preparar
9480,pagarlo,5,pagar
9481,opio,5,opio
9482,ocultos,5,oculto
9483,negociando,5,negociar
9484,lote,5,lote
9485,jugué,5,jugar
9486,inauguración,5,inauguración
9487,hale,5,halar
9488,formularios,5,formulario
9489,fina,5,fino
9490,extrañamos,5,extrañar
9491,escritores,5,escritor
9492,discursos,5,discurso
9493,dato,5,dato
9494,controlada,5,controlado
9495,consideras,5,considerar
9496,aventón,5,aventón
9497,arregle,5,arreglar
9498,alejarse,5,alejar
9499,agujas,5,aguja
9500,acosté,5,acostar
9501,taxis,5,taxi
9502,sumo,5,sumar
9503,sentó,5,sentar
9504,satisfecha,5,satisfecho
9505,satanás,5,satanás
9506,retardado,5,retardado
9507,relajarme,5,relajar
9508,recordará,5,recordar
9509,rapidez,5,rapidez
9510,psiquiatría,5,psiquiatría
9511,proposición,5,proposición
9512,preciosos,5,precioso
9513,poste,5,poste
9514,portátil,5,portátil
9515,pensarás,5,pensar
9516,opera,5,operar
9517,necesarias,5,necesario
9518,maravillosas,5,maravilloso
9519,lastimen,5,lastimar
9520,islandia,5,Islandia
9521,implantes,5,implante implantar
9522,huido,5,huido
9523,homosexuales,5,homosexual
9524,heroe,5,héroe
9525,generosidad,5,generosidad
9526,faltó,5,faltar
9527,explicado,5,explicado
9528,experimentado,5,experimentado experimentar
9529,estrecho,5,estrecho
9530,enviaremos,5,enviar
9531,envenenado,5,envenenado
9532,entendieron,5,entender
9533,discípulos,5,discípulo
9534,díganle,5,decir
9535,detectar,5,detectar
9536,desnudas,5,desnudo
9537,comprarte,5,comprar
9538,cancela,5,cancelar
9539,callada,5,callado
9540,besó,5,besar
9541,ayúdanos,5,ayudar
9542,auxiliar,5,auxiliar
9543,automática,5,automático
9544,aspectos,5,aspecto
9545,ancho,5,ancho
9546,amazonas,5,amazona
9547,agárrense,5,agarrar
9548,afectó,5,afectar
9549,acusar,5,acusar
9550,acompañante,5,acompañante
9551,aborto,5,aborto
9552,yoyo,5,yoyo
9553,volé,5,volar
9554,vistas,5,vista visto ver
9555,vigilado,5,vigilado
9556,trabajadora,5,trabajadora
9557,sutil,5,sutil
9558,sustituto,5,sustituto
9559,sugiriendo,5,sugerir
9560,sombreros,5,sombrero
9561,solicita,5,solicitar
9562,simpática,5,simpático
9563,riquezas,5,riqueza
9564,ríen,5,reír
9565,rendir,5,rendir
9566,recibirán,5,recibir
9567,psicológico,5,psicológico
9568,previamente,5,previamente
9569,prestar,5,prestar
9570,podrida,5,podrido
9571,peleó,5,pelear
9572,pegaste,5,pegar
9573,pedirles,5,pedir
9574,orquesta,5,orquesta
9575,orientación,5,orientación
9576,ocupará,5,ocupar
9577,octavo,5,octavo
9578,obligaciones,5,obligación
9579,niñito,5,niñito niño
9580,natal,5,natal
9581,mostrarme,5,mostrar
9582,llámala,5,llamar
9583,lastimando,5,lastimar
9584,jerusalén,5,Jerusalén
9585,intentándolo,5,intentar
9586,hurra,5,hurra
9587,golpearon,5,golpear
9588,fallas,5,falla
9589,faché,5,fachar
9590,establecido,5,establecido establecer
9591,esperó,5,esperar
9592,entenderías,5,entender
9593,ensayos,5,ensayo
9594,dure,5,durar
9595,dejadme,5,dejar
9596,cucaracha,5,cucaracha
9597,cortés,5,cortés
9598,cora,5,cora Cora
9599,convicto,5,convicto
9600,coincide,5,coincidir
9601,cirujanos,5,cirujano
9602,circulación,5,circulación
9603,cifra,5,cifra
9604,cartero,5,cartero
9605,carpintero,5,carpintero
9606,camarones,5,camarón
9607,besando,5,besar
9608,bajé,5,bajar
9609,arrepiento,5,arrepentir
9610,apuntar,5,apuntar
9611,alejate,5,alejar
9612,voluntaria,5,voluntario
9613,visible,5,visible
9614,válvula,5,válvula
9615,útiles,5,útil
9616,union,5,unión
9617,tolerar,5,tolerar
9618,suceden,5,suceder
9619,soporta,5,soportar
9620,seguiste,5,seguir
9621,rompo,5,romper
9622,robarme,5,robar
9623,respondan,5,responder
9624,prioridades,5,prioridad
9625,predecir,5,predecir
9626,posicion,5,posición
9627,pesos,5,peso
9628,pesas,5,pesa
9629,perdición,5,perdición
9630,pedía,5,pedir
9631,pararlo,5,parar
9632,pantalón,5,pantalón
9633,padrastro,5,padrastro
9634,obstante,5,obstante
9635,milicia,5,milicia
9636,lograrás,5,lograr
9637,jura,5,jurar
9638,ingenieros,5,ingeniero
9639,fíjense,5,fijar
9640,favela,5,favela
9641,exteriores,5,exterior
9642,extensión,5,extensión
9643,excursión,5,excursión
9644,editorial,5,editorial
9645,diecisiete,5,diecisiete
9646,dadas,5,dado dar
9647,cumplida,5,cumplido
9648,cónsul,5,cónsul
9649,construyeron,5,construir
9650,coñac,5,coñac
9651,chocó,5,chocar
9652,cantina,5,cantina
9653,burlando,5,burlar
9654,banana,5,banana
9655,balsa,5,balsa
9656,ayudarán,5,ayudar
9657,avise,5,avisar
9658,atrape,5,atrapar
9659,apúrese,5,apurar
9660,anota,5,anotar
9661,amuleto,5,amuleto
9662,alabado,5,alabado alabar
9663,vivirán,5,vivir
9664,vieran,5,ver
9665,trabajaban,5,trabajar
9666,tomarle,5,tomar
9667,terminarlo,5,terminar
9668,suministro,5,suministro suministrar
9669,rompa,5,romper
9670,rodeada,5,rodear
9671,robarle,5,robar
9672,quitan,5,quitar
9673,pego,5,pegar
9674,ofendas,5,ofenda ofender
9675,matarían,5,matar
9676,mares,5,mar
9677,maquinaria,5,maquinaria
9678,manguera,5,manguera
9679,lloras,5,llorar
9680,limitado,5,limitado
9681,liderazgo,5,liderazgo
9682,khan,5,khan
9683,implante,5,implante
9684,iluminación,5,iluminación
9685,grite,5,gritar
9686,fantastico,5,fantástico
9687,fanáticos,5,fanático
9688,explícame,5,explicar
9689,enviarán,5,enviar
9690,encienda,5,encender
9691,dirigida,5,dirigido dirigir
9692,dejad,5,dejar
9693,crueles,5,cruel
9694,crucial,5,crucial
9695,congelada,5,congelado
9696,cercanos,5,cercano
9697,casillero,5,casillero
9698,cascos,5,casco cascar
9699,averiguaré,5,averiguar
9700,apuntes,5,apunte
9701,aceptaría,5,aceptar
9702,aceptará,5,aceptar
9703,victorias,5,victoria
9704,trompeta,5,trompeta
9705,tocarte,5,tocar
9706,terminaría,5,terminar
9707,tensa,5,tenso
9708,tendra,5,tener
9709,sushi,5,sushi
9710,sangriento,5,sangriento
9711,revisaré,5,revisar
9712,retirarme,5,retirar
9713,retaguardia,5,retaguardia
9714,regaló,5,regalar
9715,recordado,5,recordado
9716,reaccionar,5,reaccionar
9717,pulgadas,5,pulgada
9718,puja,5,pujar
9719,posada,5,posada posado posar
9720,píldora,5,píldora
9721,permítanme,5,permitir
9722,patrullas,5,patrulla
9723,novelas,5,novela
9724,mu,5,mu
9725,monumento,5,monumento
9726,mataremos,5,matar
9727,lucen,5,lucir
9728,justificar,5,justificar
9729,insensible,5,insensible
9730,inmigración,5,inmigración
9731,iniciativa,5,iniciativa
9732,importas,5,importar
9733,gustes,5,gustar
9734,gaseosa,5,gaseosa
9735,forastero,5,forastero
9736,éxtasis,5,éxtasis
9737,echaste,5,echar
9738,duela,5,doler
9739,dividido,5,dividido
9740,dígamelo,5,decir
9741,conocían,5,conocer
9742,confiamos,5,confiar
9743,cantidades,5,cantidad
9744,cajero,5,cajero
9745,buque,5,buque
9746,brindar,5,brindar
9747,ayuntamiento,5,ayuntamiento
9748,avisarle,5,avisar
9749,atacaremos,5,atacar
9750,arrestados,5,arrestado
9751,apareces,5,aparecer
9752,anular,5,anular
9753,analítica,5,analítica analítico
9754,ajustar,5,ajustar
9755,volved,5,volver
9756,violín,5,violín
9757,veteranos,5,veterano
9758,tirano,5,tirano
9759,sueltos,5,suelto
9760,sonrían,5,sonreír
9761,seríamos,5,ser
9762,resaca,5,resaca
9763,recordarte,5,recordar
9764,protegerlo,5,proteger
9765,procura,5,procurar
9766,pregúntele,5,preguntar
9767,pídele,5,pedir
9768,olvídenlo,5,olvidar
9769,movía,5,mover
9770,merced,5,merced
9771,matarle,5,matar
9772,maniobras,5,maniobra maniobrar
9773,luca,5,luca
9774,juvenil,5,juvenil
9775,íntimos,5,íntimo
9776,interpretación,5,interpretación
9777,ingles,5,ingle
9778,importó,5,importar
9779,hirió,5,herir
9780,ganadora,5,ganador
9781,físicos,5,físico
9782,escalar,5,escalar
9783,empleada,5,empleada empleado emplear
9784,echan,5,echar
9785,donación,5,donación
9786,desgraciada,5,desgraciado
9787,crueldad,5,crueldad
9788,creencia,5,creencia
9789,contarles,5,contar
9790,conforme,5,conforme conformar
9791,confiaba,5,confiar
9792,conectar,5,conectar
9793,cálido,5,cálido
9794,atraparemos,5,atrapar
9795,asuste,5,asustar
9796,arrojó,5,arrojar
9797,aroma,5,aroma
9798,antorcha,5,antorcha
9799,ametralladora,5,ametralladora
9800,alecto,5,Alecto
9801,acudir,5,acudir
9802,volcán,5,volcán
9803,venderlo,5,vender
9804,valium,5,valium
9805,tráiganlo,5,traer
9806,tia,5,tía
9807,terminas,5,terminar
9808,tac,5,tac
9809,suciedad,5,suciedad
9810,sáquenme,5,sacar
9811,reparaciones,5,reparación
9812,reduce,5,reducir
9813,pulgas,5,pulga
9814,provincia,5,provincia
9815,pretendía,5,pretender
9816,portado,5,portado portar
9817,planeó,5,planear
9818,pimienta,5,pimienta
9819,pelearon,5,pelear
9820,ocupe,5,ocupar
9821,marchando,5,marchar
9822,involucrados,5,involucrado
9823,íntimo,5,íntimo
9824,imperdonable,5,imperdonable
9825,hongos,5,hongo
9826,harina,5,harina
9827,fragmentos,5,fragmento
9828,farsante,5,farsante
9829,exploradores,5,explorador
9830,estirar,5,estirar
9831,espuma,5,espuma
9832,espiritu,5,espíritu
9833,espectro,5,espectro
9834,envidio,5,envidiar
9835,enloqueció,5,enloquecer
9836,échale,5,echar
9837,diseñó,5,diseñar
9838,dáselo,5,dar
9839,crías,5,cría
9840,conducía,5,conducir
9841,comprobado,5,comprobado
9842,colombia,5,Colombia
9843,cóctel,5,cóctel
9844,cobre,5,cobre
9845,casero,5,casero
9846,apágala,5,apagar
9847,agarrado,5,agarrado
9848,adoraba,5,adorar
9849,voten,5,votar
9850,viajan,5,viajar
9851,tóxico,5,tóxico
9852,terminando,5,terminar
9853,suburbios,5,suburbio
9854,sede,5,sede
9855,retrete,5,retrete
9856,reinos,5,reino
9857,recuperarlo,5,recuperar
9858,prender,5,prender
9859,pijama,5,pijama
9860,permitiría,5,permitir
9861,milenio,5,milenio
9862,metemos,5,meter
9863,mesías,5,mesías
9864,mediante,5,mediante
9865,manager,5,manager
9866,lanzas,5,lanza lanzar
9867,juré,5,jurar
9868,iras,5,ira ir
9869,intentos,5,intento intentar
9870,insistes,5,insistir
9871,impresionada,5,impresionado
9872,gorro,5,gorro
9873,gemela,5,gemela
9874,fritos,5,frito
9875,firmo,5,firmar
9876,excavación,5,excavación
9877,diplomática,5,diplomática diplomático
9878,despidió,5,despedir
9879,dese,5,dar
9880,decirse,5,decir
9881,cuiden,5,cuidar
9882,corporal,5,corporal
9883,controlan,5,controlar
9884,colesterol,5,colesterol
9885,codigo,5,código
9886,cierres,5,cierre cerrar
9887,chocolates,5,chocolate
9888,castro,5,castrar
9889,carreta,5,carreta
9890,calefacción,5,calefacción
9891,caderas,5,cadera
9892,brisa,5,brisa
9893,brecha,5,brecha
9894,bocadillo,5,bocadillo
9895,azafata,5,azafata
9896,armadas,5,armada
9897,amorcito,5,amorcito amor
9898,acabaremos,5,acabar
9899,volador,5,volador
9900,verifica,5,verificar
9901,usaría,5,usar
9902,transmitir,5,transmitir
9903,torno,5,torno tornar
9904,tocarlo,5,tocar
9905,seguidas,5,seguido
9906,sádico,5,sádico
9907,rompen,5,romper
9908,robados,5,robado
9909,reunirse,5,reunir
9910,representar,5,representar
9911,recibieron,5,recibir
9912,prototipo,5,prototipo
9913,perdonado,5,perdonado
9914,necesitara,5,necesitar
9915,nacen,5,nacer
9916,morí,5,morir
9917,mc,5,mc
9918,mayordomo,5,mayordomo
9919,mátenlos,5,matar
9920,mason,5,mason
9921,lider,5,líder
9922,libreta,5,libreta
9923,jaque,5,jaque
9924,insultar,5,insultar
9925,industrial,5,industrial
9926,incompetente,5,incompetente
9927,impecable,5,impecable
9928,guay,5,guay
9929,gritaba,5,gritar
9930,fuertemente,5,fuertemente
9931,extracción,5,extracción
9932,excita,5,excitar
9933,etcétera,5,etcétera
9934,española,5,español
9935,equivocadas,5,equivocado
9936,enviada,5,enviado enviar
9937,duérmete,5,dormir
9938,disfrutado,5,disfrutado disfrutar
9939,diputado,5,diputado
9940,diarrea,5,diarrea
9941,déjela,5,dejar
9942,convertiré,5,convertir
9943,conmoción,5,conmoción
9944,comieron,5,comer
9945,cómete,5,comer
9946,claves,5,clave
9947,cebolla,5,cebolla
9948,carreteras,5,carretera
9949,capitana,5,capitana
9950,camisetas,5,camiseta
9951,bajes,5,bajar
9952,ayúdenos,5,ayudar
9953,arruine,5,arruinar
9954,arriesgarme,5,arriesgar
9955,aprobar,5,aprobar
9956,aparición,5,aparición
9957,amistoso,5,amistoso
9958,alguién,5,alguien
9959,aéreas,5,aéreo
9960,abandone,5,abandonar
9961,vena,5,vena
9962,valió,5,valer
9963,únete,5,unir
9964,tratara,5,tratar
9965,transplante,5,transplante transplantar
9966,tailandia,5,Tailandia
9967,supongamos,5,suponer
9968,sucesos,5,suceso
9969,suaves,5,suave
9970,soñaba,5,soñar
9971,sillón,5,sillón
9972,sacarnos,5,sacar
9973,romperé,5,romper
9974,rindas,5,rendir
9975,rejas,5,reja
9976,receptor,5,receptor
9977,procedan,5,proceder
9978,pop,5,pop
9979,pasarte,5,pasar
9980,olvidarte,5,olvidar
9981,olla,5,olla
9982,obstrucción,5,obstrucción
9983,nudo,5,nudo
9984,menciona,5,mencionar
9985,mejilla,5,mejilla
9986,júpiter,5,júpiter Júpiter
9987,herramienta,5,herramienta
9988,gordito,5,gordito
9989,fluido,5,fluido fluir
9990,finanzas,5,finanza
9991,explicaría,5,explicar
9992,expectativas,5,expectativa
9993,estatuas,5,estatua
9994,estafa,5,estafa
9995,escrituras,5,escritura
9996,enoja,5,enojar
9997,empujó,5,empujar
9998,dilema,5,dilema
9999,desconectado,5,desconectado
10000,deprimida,5,deprimido