rank	word	lemma	meanings
2132	nacional		ADJ|national|1.00
2134	discutir		VERB|to discuss/argue|1.00
2135	evidencia		NOUN|evidence|1.00
2136	detalles	detalle	NOUN|details|1.00
2140	presente		NOUN|present/gift|0.60;ADJ|present|0.40
2142	criminal		NOUN|criminal|0.60;ADJ|criminal|0.40
2147	recibir		VERB|to receive|1.00
2150	huele	oler	VERB|smells|1.00
2153	enamorado		ADJ|in love|1.00
2154	enamorado	enamorar	VERB|fallen in love|1.00
2158	natural		ADJ|natural|1.00
2161	enfermera		NOUN|nurse|1.00
2163	sospechoso		NOUN|suspect|0.60;ADJ|suspicious|0.40
2164	local		ADJ|local|0.70;NOUN|premises|0.30
2166	camisa		NOUN|shirt|1.00
2168	aceptar		VERB|to accept|1.00
2172	parque		NOUN|park|1.00
2177	menudo		ADJ|frequent|0.50;ADV|often|0.50
2179	barrio		NOUN|neighborhood|1.00
2180	virus		NOUN|virus|1.00
2181	talento		NOUN|talent|1.00
2182	ministro		NOUN|minister|1.00
2187	responsabilidad		NOUN|responsibility|1.00
2188	respira	respirar	VERB|breathes|1.00
2190	pertenece	pertenecer	VERB|belongs|1.00
2191	desayuno		NOUN|breakfast|1.00
2192	desayuno	desayunar	VERB|I have breakfast|1.00
2193	campeón		NOUN|champion|1.00
2194	controlar		VERB|to control|1.00
2195	maría	María	PROPN|Maria|1.00
2196	maría		NOUN|maria|1.00
2197	nieve		NOUN|snow|1.00
2198	méxico	México	PROPN|Mexico|1.00
2203	fumar		VERB|to smoke|1.00
2205	Europa		PROPN|Europe|1.00
2207	pastel		NOUN|cake/pie|1.00
2216	asustado		ADJ|scared|1.00
2217	asustado	asustar	VERB|frightened|1.00
2219	reino		NOUN|kingdom/reign|1.00
2221	clave		NOUN|key/code|0.70;ADJ|key|0.30
2224	efecto		NOUN|effect|1.00
2225	plata		NOUN|silver/money|1.00
2228	universo		NOUN|universe|1.00
2229	política		NOUN|politics/policy|1.00
2230	almuerzo		NOUN|lunch|1.00
2231	almuerzo	almorzar	VERB|I have lunch|1.00
2234	humor		NOUN|humor/mood|1.00
2239	cantar		VERB|to sing|1.00
2241	disparo		NOUN|shot|1.00
2242	conversación		NOUN|conversation|1.00
2243	olor		NOUN|smell/odor|1.00
2245	muchacha		NOUN|girl|1.00
2246	modelo		NOUN|model|1.00
2247	curso		NOUN|course|1.00
2248	canal		NOUN|channel|1.00
2249	rock		NOUN|rock music|1.00
2256	resultado	resultar	VERB|resulted|1.00
2269	coño		INTJ|damn/fuck|0.70;NOUN|cunt|0.30
2284	ron	Ron	PROPN|Ron|1.00
2287	francia	Francia	PROPN|France|1.00
2339	cola	colar	VERB|strain/sneak in|1.00
2342	troya	Troya	PROPN|Troy|1.00
2377	enojado	enojar	VERB|angered/annoyed|1.00
2409	socorro	socorrer	VERB|help/aid|1.00
2419	helado	helar	VERB|frozen|1.00
2426	robado		ADJ|stolen|1.00
2437	firma	firmar	VERB|signs|1.00
2440	cristo	Cristo	PROPN|Christ|1.00
2463	flota	flotar	VERB|floats|1.00
2472	rescate	rescatar	VERB|rescue|1.00
2488	puto		ADJ|damn/fucking|0.70;NOUN|male prostitute|0.30
2492	irak	Irak	PROPN|Iraq|1.00
2525	alcance	alcanzar	VERB|reach|1.00
2534	proceso	procesar	VERB|process|1.00
2565	mate		NOUN|mate tea|0.60;VERB|kill|0.40
2572	libras	librar	VERB|free/deliver|1.00
2596	equivocada	equivocar	VERB|mistaken|1.00
2639	complicado	complicar	VERB|complicated|1.00
2647	suelta	soltar	VERB|releases/lets go|1.00
2652	dispuesto	disponer	VERB|willing/ready|1.00
2693	encargo	encargar	VERB|order/assignment|1.00
2705	copia	copiar	VERB|copy|1.00
2722	invitado	invitar	VERB|invited/guest|1.00
2725	oso	osar	VERB|dare|1.00
2758	disco	discar	VERB|dial|1.00
2760	transporte	transportar	VERB|transport|1.00
2784	pescado	pescar	VERB|fished/caught|1.00
2839	aviso	avisar	VERB|notice/warning|1.00
2850	esfuerzo	esforzar	VERB|effort|1.00
2860	abra		NOUN|cove/bay|1.00
2882	mia	Mia	PROPN|Mia|1.00
2891	registro	registrar	VERB|record/registration|1.00
2906	pene		NOUN|penis|1.00
2937	entrega	entregar	VERB|delivery/surrender|1.00
2946	aburrido	aburrir	VERB|bored|1.00
2952	planta	plantar	VERB|plant|1.00
2959	marina		NOUN|navy/marina|1.00
2962	alarma	alarmar	VERB|alarm|1.00
2966	recompensa	recompensar	VERB|reward|1.00
3001	altura		NOUN|height|1.00
3007	jugador		NOUN|player|1.00
3008	izquierdo		ADJ|left|1.00
3009	tecnología		NOUN|technology|1.00
3010	raza		NOUN|race/breed|1.00
3012	conde		NOUN|count/earl|1.00
3013	social		ADJ|social|1.00
3014	gobernador		NOUN|governor|1.00
3016	cubierta	cubierto	ADJ|covered|1.00
3017	cubierta	cubrir	VERB|cover/deck|1.00
3018	chiste		NOUN|joke|1.00
3019	chiste	chistar	VERB|joke/speak|1.00
3020	celda		NOUN|cell|1.00
3021	agarra	agarrar	VERB|grabs/catches|1.00
3023	personalmente		ADV|personally|1.00
3024	amistad		NOUN|friendship|1.00
3027	interesado		ADJ|interested|1.00
3028	educación		NOUN|education|1.00
3029	curiosidad		NOUN|curiosity|1.00
3030	repito	repetir	VERB|I repeat|1.00
3031	pecado		NOUN|sin|1.00
3032	pecado	pecar	VERB|sinned|1.00
3033	mortal		ADJ|mortal/deadly|1.00
3034	manda		VERB|sends/commands|1.00
3035	claramente		ADV|clearly|1.00
3036	juntas	junta	NOUN|meetings/together|1.00
3037	identificación		NOUN|identification|1.00
3038	dirige	dirigir	VERB|directs/leads|1.00
3039	declaración		NOUN|declaration/statement|1.00
3040	bestia		NOUN|beast|1.00
3041	veneno		NOUN|poison|1.00
3042	vecinos	vecino	NOUN|neighbors|1.00
3057	jurado		NOUN|jury/juror|1.00
3061	metas	meta	NOUN|goals|1.00
3063	garganta		NOUN|throat|1.00
3064	invierno		NOUN|winter|1.00
3065	fila		NOUN|row/line|1.00
3066	miel		NOUN|honey|1.00
3068	sucedido		VERB|happened|1.00
3072	burro		NOUN|donkey/idiot|1.00
3073	artista		NOUN|artist|1.00
3075	impresión		NOUN|impression|1.00
3077	cruzar		VERB|to cross|1.00
3079	ó		CONJ|or|1.00
3081	grial		NOUN|grail|1.00
3082	chaqueta		NOUN|jacket|1.00
3087	usado		ADJ|used|1.00
3088	reputación		NOUN|reputation|1.00
3090	oxígeno		NOUN|oxygen|1.00
3098	experto		NOUN|expert|0.60;ADJ|expert|0.40
3099	océano		NOUN|ocean|1.00
3100	maestra		NOUN|teacher|1.00
3102	pieza		NOUN|piece/room|1.00
3105	alcohol		NOUN|alcohol|1.00
3108	pizza		NOUN|pizza|1.00
3114	actitud		NOUN|attitude|1.00
3115	gira		NOUN|tour|1.00
3116	gira	girar	VERB|turns/spins|1.00
3117	cristal		NOUN|crystal/glass|1.00
3120	caído		VERB|fallen|1.00
3124	seguido		ADV|straight/followed|1.00
3127	whisky		NOUN|whisky|1.00
3129	pantalla		NOUN|screen|1.00
3130	bebida		NOUN|drink/beverage|1.00
3133	ducha		NOUN|shower|1.00
3134	ducha	duchar	VERB|showers|1.00
3135	despedido		VERB|fired/dismissed|1.00
3136	despedido	despedir	VERB|fired/said goodbye|1.00
3141	artículo		NOUN|article/item|1.00
3144	trauma		NOUN|trauma|1.00
3147	contesta	contestar	VERB|answers|1.00
3149	contenta	contentar	VERB|happy/pleased|1.00
3150	ambiente		NOUN|environment/atmosphere|1.00
3155	berlín	Berlín	PROPN|Berlin|1.00
3157	hallar		VERB|to find|1.00
3161	instrucciones	instrucción	NOUN|instructions|1.00
3168	palacio		NOUN|palace|1.00
3170	venta		NOUN|sale|1.00
3171	urgente		ADJ|urgent|1.00
3174	cuerda		NOUN|rope/string|1.00
3175	cuerda	cuerdo	ADJ|sane|1.00
3178	instante		NOUN|instant/moment|1.00
3181	secundaria	secundario	ADJ|secondary/high school|1.00
3182	saltar		VERB|to jump|1.00
3185	molesto		ADJ|annoyed/upset|1.00
3188	porquería		NOUN|crap/junk|1.00
3192	terroristas	terrorista	NOUN|terrorists|1.00
3195	moto		NOUN|motorcycle|1.00
3196	opinas	opinar	VERB|you think/opine|1.00
3197	habilidad		NOUN|skill/ability|1.00
3199	descubierto		VERB|discovered|1.00
3201	convertido		VERB|converted/become|1.00
3205	kilos	kilo	NOUN|kilos|1.00
3206	florida	florido	ADJ|flowery|1.00
3208	sufrir		VERB|to suffer|1.00
3209	mental		ADJ|mental|1.00
3211	instituto		NOUN|institute|1.00
3214	plato		NOUN|plate/dish|1.00
3220	alemania	Alemania	PROPN|Germany|1.00
3224	ilegal		ADJ|illegal|1.00
3225	fresco		ADJ|fresh/cool|1.00
3226	falso		ADJ|false|1.00
3230	cuán		ADV|how|1.00
3232	botas	bota	NOUN|boots|1.00
3234	tiburones	tiburón	NOUN|sharks|1.00
3237	archivos	archivo	NOUN|files|1.00
3238	adivina	adivinar	VERB|guess|1.00
3239	cruz		NOUN|cross|1.00
3240	campaña		NOUN|campaign|1.00
3243	centavos	centavo	NOUN|cents|1.00
3245	galletas	galleta	NOUN|cookies|1.00
3246	frecuencia		NOUN|frequency|1.00
3249	emociones	emoción	NOUN|emotions|1.00
3253	pasión		NOUN|passion|1.00
3255	comportamiento		NOUN|behavior|1.00
3257	conocimiento		NOUN|knowledge|1.00
3259	fiscal		NOUN|prosecutor|0.60;ADJ|fiscal|0.40
3263	amanecer		NOUN|dawn|0.60;VERB|to dawn|0.40
3265	aldea		NOUN|village|1.00
3267	obvio		ADJ|obvious|1.00
3269	apesta	apestar	VERB|stinks|1.00
3270	abandonado		ADJ|abandoned|1.00
3278	roca		NOUN|rock|1.00
3280	maravilla		NOUN|wonder/marvel|1.00
3281	espacial		ADJ|space/spatial|1.00
3282	conductor		NOUN|driver/conductor|1.00
3283	camarada		NOUN|comrade|1.00
3285	caramba		INTJ|wow/damn|1.00
3286	sopa		NOUN|soup|1.00
3288	gritar		VERB|to shout/scream|1.00
3290	casino		NOUN|casino|1.00
3291	alteza		NOUN|highness|1.00
3292	identidad		NOUN|identity|1.00
3297	arresto		NOUN|arrest|1.00
3298	arresto	arrestar	VERB|arrest|1.00
3304	probable		ADJ|probable/likely|1.00
3308	federal		ADJ|federal|1.00
3312	expediente		NOUN|file/record|1.00
3313	tigre		NOUN|tiger|1.00
3315	harto		ADJ|fed up|1.00
3316	harto	hartar	VERB|fed up/full|1.00
3320	lento		ADJ|slow|1.00
3327	cruel		ADJ|cruel|1.00
3329	gigante		NOUN|giant|0.60;ADJ|giant|0.40
3332	incidente		NOUN|incident|1.00
3333	escenario		NOUN|scenario/stage|1.00
3338	biblia		NOUN|bible|1.00
3339	reporte		NOUN|report|1.00
3343	reacción		NOUN|reaction|1.00
3344	falla		NOUN|fault/failure|1.00
3345	falla	fallar	VERB|fails|1.00
3346	castigo		NOUN|punishment|1.00
3347	castigo	castigar	VERB|punishment|1.00
3348	fácilmente		ADV|easily|1.00
3349	caza		NOUN|hunt/hunting|1.00
3350	caza	cazar	VERB|hunts|1.00
3351	magnífico		ADJ|magnificent|1.00
3354	superficie		NOUN|surface|1.00
3355	procedimiento		NOUN|procedure|1.00
3357	asalto		NOUN|assault|1.00
3358	asalto	asaltar	VERB|assault|1.00
3359	virgen		NOUN|virgin|0.70;ADJ|virgin|0.30
3364	noble		ADJ|noble|0.60;NOUN|noble|0.40
3365	hierba		NOUN|grass/herb|1.00
3366	excelencia		NOUN|excellence|1.00
3367	asco		NOUN|disgust|1.00
3368	título		NOUN|title|1.00
3379	impuestos	impuesto	NOUN|taxes|1.00
3380	impuestos	imponer	VERB|imposed|1.00
3409	jesucristo	Jesucristo	PROPN|Jesus Christ|1.00
3427	física	físico	NOUN|physics|1.00
3432	excusa	excusar	VERB|excuse|1.00
3439	cole		NOUN|school|1.00
3473	alternativa	alternativo	NOUN|alternative|1.00
3510	partida		NOUN|departure/game|1.00
3538	cierre		NOUN|closure/closing|1.00
3543	pasas	pasa	NOUN|raisins|1.00
3552	desnudo		ADJ|naked|1.00
3553	desnudo	desnudar	VERB|naked/stripped|1.00
3562	armada		NOUN|navy/armed|1.00
3563	armada	armado	ADJ|armed|1.00
3572	sacado		VERB|taken out|1.00
3575	secuestro		NOUN|kidnapping|1.00
3576	secuestro	secuestrar	VERB|kidnapping|1.00
3577	casco		NOUN|helmet|1.00
3578	casco	cascar	VERB|crack/break|1.00
3594	salvado		VERB|saved|1.00
3619	despejado		ADJ|clear|1.00
3620	despejado	despejar	VERB|cleared|1.00
3621	creado		VERB|created|1.00
3630	despacho		NOUN|office|1.00
3631	despacho	despachar	VERB|dispatch/office|1.00
3634	recibo		NOUN|receipt|1.00
3645	aprecio		NOUN|appreciation|1.00
3646	aprecio	apreciar	VERB|I appreciate|1.00
3667	logrado		VERB|achieved|1.00
3675	india		NOUN|Indian woman|1.00
3676	india	indio	ADJ|Indian|1.00
3677	india	India	PROPN|India|1.00
3679	esperado		VERB|waited/expected|1.00
3685	encanto		NOUN|charm|1.00
3699	clínica		NOUN|clinic|1.00
3700	clínica	clínico	ADJ|clinical|1.00
3705	ejercito	ejercitar	VERB|I exercise|1.00
3713	planeado		VERB|planned|1.00
3714	planeado	planear	VERB|planned|1.00
3723	destruido		VERB|destroyed|1.00
3734	logro		NOUN|achievement|1.00
3742	arrestado		VERB|arrested|1.00
3757	falsa		ADJ|false|1.00
3774	despedida		NOUN|farewell/goodbye|1.00
3789	detenido		VERB|detained/stopped|1.00
3794	prohibido		VERB|forbidden|1.00
3795	prohibido	prohibir	VERB|forbidden|1.00
3802	acusado		NOUN|accused|0.60;VERB|accused|0.40
3803	acusado	acusar	VERB|accused|1.00
3878	olvido		NOUN|forgetfulness/oblivion|1.00
3911	pagado		VERB|paid|1.00
3918	condenado		VERB|condemned/damned|1.00
3919	condenado	condenar	VERB|condemned|1.00
3920	cometido	cometer	VERB|committed|1.00
3921	cometido		NOUN|task/mission|1.00
3926	poli		NOUN|cop|1.00
3929	charla		NOUN|talk/chat|1.00
3930	charla	charlar	VERB|talk/chat|1.00
3954	caída		NOUN|fall|1.00
3974	encerrado		VERB|locked up|1.00
3975	encerrado	encerrar	VERB|locked up|1.00
3979	amado		VERB|loved|1.00
3993	confundido		VERB|confused|1.00
3994	confundido	confundir	VERB|confused|1.00
4007	disparado		VERB|shot/fired|1.00
4020	empleado		NOUN|employee|1.00
4047	regresado		VERB|returned|1.00
4056	espía		NOUN|spy|1.00
4057	espía	espiar	VERB|spies|1.00
4059	salto		NOUN|jump/leap|1.00
4074	clara		ADJ|clear|1.00
4087	progreso		NOUN|progress|1.00
4088	progreso	progresar	VERB|progress|1.00
4094	rusia	Rusia	PROPN|Russia|1.00
4095	rusia		NOUN|Russian woman|1.00
4097	gatito		NOUN|kitten|1.00
4102	sufrido		VERB|suffered|1.00
4105	helena	heleno	ADJ|Hellenic/Greek|1.00
4106	helena	Helena	PROPN|Helena|1.00
4110	salva		VERB|saves|1.00
4113	lanza		NOUN|spear/lance|1.00
4114	lanza	lanzar	VERB|throws/launches|1.00
4117	prometido		VERB|promised|0.60;NOUN|fiancé|0.40
4135	escondido		VERB|hidden|1.00
4136	escondido	esconder	VERB|hidden|1.00
4138	perrito		NOUN|puppy/little dog|1.00
4144	diseño		NOUN|design|1.00
4145	diseño	diseñar	VERB|design|1.00
4147	barra	barrer	VERB|sweeps|1.00
4149	alfombra		NOUN|carpet/rug|1.00
4150	alfombra	alfombrar	VERB|carpet|1.00
4190	enterrado		VERB|buried|1.00
4191	enterrado	enterrar	VERB|buried|1.00
4200	encargado		NOUN|person in charge|1.00
4218	involucrado		VERB|involved|1.00
4219	involucrado	involucrar	VERB|involved|1.00
4227	costado		NOUN|side|1.00
4232	médica		NOUN|doctor|0.60;ADJ|medical|0.40
4267	asesina		NOUN|killer|0.60;VERB|kills|0.40
4286	tómate	tomate	NOUN|take it|1.00
4299	pasta		NOUN|pasta/paste|1.00
4300	pasta	pastar	VERB|graze|1.00
4310	pinta		NOUN|look/appearance|1.00
4311	pinta	pintar	VERB|paints|1.00
4338	desconocido		NOUN|stranger|0.60;ADJ|unknown|0.40
4339	desconocido	desconocer	VERB|unknown|1.00
4341	refugio		NOUN|refuge/shelter|1.00
4342	refugio	refugiar	VERB|shelter|1.00
4346	arruinado		VERB|ruined|1.00
4347	arruinado	arruinar	VERB|ruined|1.00
4353	arreglado		VERB|fixed/arranged|1.00
4360	puesta		NOUN|setting/bet|1.00
4381	tirado		VERB|thrown/lying|1.00
4383	notado		VERB|noticed|1.00
4391	césar		NOUN|Caesar|1.00
4392	césar	César	PROPN|César|1.00
4393	comprado		VERB|bought|1.00
4413	informado		VERB|informed|1.00
4416	enfadado		VERB|angry|1.00
4417	enfadado	enfadar	VERB|angered|1.00
4421	ronda		NOUN|round/patrol|1.00
4422	ronda	rondar	VERB|patrols/circles|1.00
4423	cobra		NOUN|cobra|1.00
4424	cobra	cobrar	VERB|charges/collects|1.00
4426	abrazo		NOUN|hug|1.00
4427	abrazo	abrazar	VERB|hug|1.00
4488	medida		NOUN|measure|1.00
4489	medida	medir	VERB|measured|1.00
4494	sincronizado		VERB|synchronized|1.00
4495	sincronizado	sincronizar	VERB|synchronized|1.00
4509	liga		NOUN|league|1.00
4510	liga	ligar	VERB|ties/picks up|1.00
4523	naranja		NOUN|orange|1.00
4524	naranja	naranjo	NOUN|orange tree|1.00
4526	jugada		NOUN|play/move|1.00
4557	retiro		NOUN|retirement/retreat|1.00
4558	retiro	retirar	VERB|withdrawal|1.00
4576	engaño		NOUN|deception|1.00
4577	engaño	engañar	VERB|deception|1.00
4597	reserva		NOUN|reservation/reserve|1.00
4598	reserva	reservar	VERB|reserve|1.00
4599	propuesta		NOUN|proposal|1.00
4600	propuesta	propuesto	VERB|proposed|1.00
4601	propuesta	proponer	VERB|proposal|1.00
4609	dormida	dormido	ADJ|asleep|1.00
4616	hechizo		NOUN|spell|1.00
4617	hechizo	hechizar	VERB|spell|1.00
4651	echado		VERB|thrown/laid|1.00
4654	cortado		VERB|cut|1.00
4686	llegada		NOUN|arrival|1.00
4697	dibujo	dibujar	NOUN|drawing|1.00
4718	cumplido		NOUN|compliment|0.60;VERB|fulfilled|0.40
4734	causado		VERB|caused|1.00
4759	demanda		NOUN|demand/lawsuit|1.00
4760	demanda	demandar	VERB|demands/sues|1.00
4786	significado		NOUN|meaning|1.00
4802	considerado		VERB|considered|1.00
4807	satisfecho		VERB|satisfied|1.00
4808	satisfecho	satisfacer	VERB|satisfied|1.00
4816	renta		NOUN|rent/income|1.00
4817	renta	rentar	VERB|rents|1.00
4823	figura		NOUN|figure|1.00
4824	figura	figurar	VERB|figures/appears|1.00
4825	ensayo		NOUN|essay/rehearsal|1.00
4826	ensayo	ensayar	VERB|rehearsal|1.00
4864	vencido		VERB|defeated/expired|1.00
4865	vencido	vencer	VERB|defeated|1.00
4867	vela	velar	VERB|watches/candle|1.00
4901	prestado		VERB|lent/borrowed|1.00
4902	prestado	prestar	VERB|lent|1.00
4968	callado		VERB|quiet/silenced|1.00
4981	bebidas	bebido	ADJ|drunk|1.00
4990	escapado		VERB|escaped|1.00
4996	sostén		NOUN|bra/support|1.00
4997	sostén	sostener	VERB|support|1.00
5004	presa		NOUN|prey/dam|1.00
5028	escala		NOUN|scale/ladder|1.00
5029	escala	escalar	VERB|scales/climbs|1.00
5033	sobra		NOUN|leftover|1.00
5034	sobra	sobrar	VERB|is left over|1.00
5043	barbara	bárbaro	ADJ|barbaric|1.00
5044	barbara	Barbara	PROPN|Barbara|1.00
5046	voto		NOUN|vote|1.00
5047	voto	votar	VERB|vote|1.00
5050	reto		NOUN|challenge|1.00
5051	reto	retar	VERB|challenge|1.00
5073	conocida		ADJ|known|1.00
5077	aceptado		VERB|accepted|1.00
5079	rob		NOUN|robbery|1.00
5080	rob	Rob	PROPN|Rob|1.00
5082	fracaso		NOUN|failure|1.00
5083	fracaso	fracasar	VERB|failure|1.00
5086	sorprendido		VERB|surprised|1.00
5088	protegido		VERB|protected|1.00
5101	convencido		VERB|convinced|1.00
5119	quejas	queja	NOUN|complaints|1.00
5120	quejas	quejar	VERB|complains|1.00
5128	acostumbrado		VERB|accustomed|1.00
5129	acostumbrado	acostumbrar	VERB|accustomed|1.00
5130	torneo		NOUN|tournament|1.00
5131	torneo	tornear	VERB|tournament|1.00
5136	kg		NOUN|kilogram|1.00
5137	kg	kilogramo	NOUN|kilogram|1.00
5139	confirmado		VERB|confirmed|1.00
5140	confirmado	confirmar	VERB|confirmed|1.00
5153	lavado		VERB|washed|1.00
5164	lola		NOUN|lola|1.00
5165	lola	lolo	NOUN|lola|1.00
5166	lola	Lola	PROPN|Lola|1.00
5168	lentes		NOUN|glasses|1.00
5172	bate	batir	VERB|beats/bats|1.00
5181	canadá	Canadá	PROPN|Canada|1.00
5185	porno		NOUN|porn|1.00
5188	intercambio	intercambiar	NOUN|exchange|1.00
5195	rita	rito	NOUN|rite|1.00
5196	rita	Rita	PROPN|Rita|1.00
5223	interna	internar	VERB|internal|1.00
5225	españa	España	PROPN|Spain|1.00
5243	enterado	enterar	VERB|aware/informed|1.00
5269	raya	rayar	VERB|line/stripe|1.00
5285	cómoda		NOUN|dresser|0.60;ADJ|comfortable|0.40
5294	adorable		ADJ|adorable|1.00
5295	vencedor		NOUN|winner|1.00
5299	técnicas	técnico	NOUN|techniques|1.00
5303	peligrosa		ADJ|dangerous|1.00
5304	isla		NOUN|island|1.00
5310	atrevido		VERB|dared|0.60;ADJ|daring|0.40
5311	cansado		ADJ|tired|1.00
5315	fobia		NOUN|phobia|1.00
5325	apartado		VERB|separated/removed|1.00
5336	cortés		ADJ|polite/courteous|1.00
5345	trago		NOUN|drink/swig|1.00
5346	plástico		NOUN|plastic|1.00
5351	entendido		VERB|understood|1.00
5355	atrapado		VERB|trapped|1.00
5357	oculta		ADJ|hidden|1.00
5358	calor		NOUN|heat|1.00
5361	grabado		VERB|recorded|1.00
5371	respetado		VERB|respected|1.00
5372	república		NOUN|republic|1.00
5373	pacientes	paciente	NOUN|patients|1.00
5375	inspirado		VERB|inspired|1.00
5377	correo		NOUN|mail/email|1.00
5378	correa		NOUN|leash/belt|1.00
5381	decente		ADJ|decent|1.00
5383	abandonar		VERB|to abandon|1.00
5387	suerte		NOUN|luck|1.00
5388	estatus		NOUN|status|1.00
5391	arturo		NOUN|Arthur|1.00
5395	aprobado		VERB|approved/passed|1.00
5401	academia		NOUN|academy|1.00
5409	retrato		NOUN|portrait|1.00
5410	rechazado		VERB|rejected|1.00
5414	promesas	promesa	NOUN|promises|1.00
5418	ocupada		ADJ|busy|1.00
5427	casarse		VERB|to get married|1.00
5430	arriba		ADV|up/above|1.00
5434	violencia		NOUN|violence|1.00
5438	rosario		NOUN|rosary|1.00
5441	fantasías	fantasía	NOUN|fantasies|1.00
5442	dragón		NOUN|dragon|1.00
5444	compartir		VERB|to share|1.00
5448	vacaciones		NOUN|vacation|1.00
5449	temporal		ADJ|temporary|0.70;NOUN|storm|0.30
5450	sentido		NOUN|sense|0.70;VERB|felt|0.30
5454	representante		NOUN|representative|1.00
5455	rápidamente		ADV|rapidly/quickly|1.00
5457	novio		NOUN|boyfriend/groom|1.00
5460	merecido		VERB|deserved|1.00
5461	irlandés		NOUN|Irish|0.60;ADJ|Irish|0.40
5464	febrero		NOUN|February|1.00
5465	dormitorio		NOUN|bedroom|1.00
5473	roto		VERB|broken|1.00
5474	recluso		NOUN|inmate/prisoner|1.00
5475	perverso		ADJ|perverse|1.00
5476	mezclado		VERB|mixed|1.00
5478	martes		NOUN|Tuesday|1.00
5479	cuero		NOUN|leather|1.00
5482	arruinar		VERB|to ruin|1.00
5484	zona		NOUN|zone/area|1.00
5486	traído		VERB|brought|1.00
5489	soñar		VERB|to dream|1.00
5491	silencioso		ADJ|silent/quiet|1.00
5492	posesión		NOUN|possession|1.00
5494	mosquito		NOUN|mosquito|1.00
5496	maníaco		NOUN|maniac|1.00
5499	labios		NOUN|lips|1.00
5500	hierro		NOUN|iron|1.00
5503	hermanita		NOUN|little sister|1.00
5507	ganador		NOUN|winner|1.00
5508	extremo		NOUN|extreme/end|0.60;ADJ|extreme|0.40
5510	escalera		NOUN|stairs/ladder|1.00
5515	conveniencia		NOUN|convenience|1.00
5519	atención		NOUN|attention|1.00
5523	sugerencia		NOUN|suggestion|1.00
5525	reina		NOUN|queen|1.00
5526	puntual		ADJ|punctual|1.00
5527	prisioneros	prisionero	NOUN|prisoners|1.00
5530	penetración		NOUN|penetration|1.00
5531	partes	parte	NOUN|parts|1.00
5533	maldito		ADJ|damn/cursed|1.00
5534	lobo		NOUN|wolf|1.00
5536	lealtad		NOUN|loyalty|1.00
5539	heridas	herida	NOUN|wounds/injuries|1.00
5542	gigantes	gigante	NOUN|giants|1.00
5543	especialmente		ADV|especially|1.00
5544	entretenimiento		NOUN|entertainment|1.00
5545	entretenido		VERB|entertained|1.00
5550	china		NOUN|China/Chinese|1.00
5551	carbón		NOUN|coal/charcoal|1.00
5553	alquilar		VERB|to rent|1.00
5557	universos	universo	NOUN|universes|1.00
5559	tontería		NOUN|nonsense/foolishness|1.00
5561	temporal		NOUN|storm|0.60;ADJ|temporary|0.40
5563	setenta		NUM|seventy|1.00
5564	rosas	rosa	NOUN|roses|1.00
5565	protesta		NOUN|protest|1.00
5566	pilotos	piloto	NOUN|pilots|1.00
5567	pañuelo		NOUN|handkerchief|1.00
5569	máquinas	máquina	NOUN|machines|1.00
5570	magos	mago	NOUN|magicians|1.00
5574	fantasma		NOUN|ghost|1.00
5575	eterna		ADJ|eternal|1.00
5576	estallido		NOUN|explosion/outbreak|1.00
5577	empeora		VERB|worsens|1.00
5579	contrato		NOUN|contract|1.00
5581	cien		NUM|one hundred|1.00
5582	capacidad		NOUN|capacity|1.00
5583	bordillo		NOUN|curb|1.00
5588	testigos	testigo	NOUN|witnesses|1.00
5590	callejón		NOUN|alley|1.00
5594	rudo		ADJ|rough/rude|1.00
5599	delito		NOUN|crime/offense|1.00
5600	atacado		VERB|attacked|1.00
5603	sentencia		NOUN|sentence|1.00
5611	excepción		NOUN|exception|1.00
5613	engañado		VERB|deceived|1.00
5616	corporación		NOUN|corporation|1.00
5621	seca	secar	VERB|dries|1.00
5629	conviene	convenir	VERB|it suits/is convenient|1.00
5633	niñita		NOUN|little girl|1.00
5636	disciplina		NOUN|discipline|1.00
5638	arriesgado		VERB|risked|1.00
5639	arriesgado	arriesgar	VERB|risked|1.00
5640	arquitecto		NOUN|architect|1.00
5641	vaticano	Vaticano	PROPN|Vatican|1.00
5643	tiroteo		NOUN|shooting/shootout|1.00
5646	ratón		NOUN|mouse|1.00
5651	masacre		NOUN|massacre|1.00
5652	infancia		NOUN|childhood|1.00
5654	homosexual		ADJ|homosexual|0.60;NOUN|homosexual|0.40
5655	chance		NOUN|chance|1.00
5656	barba		NOUN|beard|1.00
5659	susto		NOUN|scare/fright|1.00
5660	síntomas	síntoma	NOUN|symptoms|1.00
5663	romance		NOUN|romance|1.00
5664	petición		NOUN|petition/request|1.00
5666	orinar		VERB|to urinate|1.00
5667	macho		NOUN|male|0.70;ADJ|macho|0.30
5671	profundidad		NOUN|depth|1.00
5673	permanente		ADJ|permanent|1.00
5681	tímido		ADJ|shy/timid|1.00
5682	ola		NOUN|wave|1.00
5684	diana		NOUN|bullseye|1.00
5685	diana	Diana	PROPN|Diana|1.00
5690	mona		NOUN|female monkey|1.00
5692	mm		INTJ|mm|1.00
5693	mm	milímetro	NOUN|millimeter|1.00
5694	increíblemente		ADV|incredibly|1.00
5696	comentario		NOUN|comment|1.00
5698	ramera		NOUN|whore|1.00
5699	perfume		NOUN|perfume|1.00
5702	obligado		VERB|obligated/forced|1.00
5703	obligado	obligar	VERB|forced|1.00
5704	noviembre		NOUN|November|1.00
5707	fallado		VERB|failed|1.00
5709	escocia	Escocia	PROPN|Scotland|1.00
5712	camiseta		NOUN|T-shirt|1.00
5713	venas	vena	NOUN|veins|1.00
5716	pavo		NOUN|turkey|1.00
5718	nieto		NOUN|grandson|1.00
5719	liberar		VERB|to free/release|1.00
5722	barón		NOUN|baron|1.00
5724	vicepresidente		NOUN|vice president|1.00
5725	simón		NOUN|Simon|1.00
5726	simón	Simón	PROPN|Simón|1.00
5729	ordenador		NOUN|computer|1.00
5733	despertado		VERB|awakened|1.00
5736	alumnos	alumno	NOUN|students|1.00
5740	norma		NOUN|norm/rule|1.00
5741	norma	normar	VERB|regulates|1.00
5742	musical		ADJ|musical|0.60;NOUN|musical|0.40
5743	lápiz		NOUN|pencil|1.00
5746	fruta		NOUN|fruit|1.00
5748	eléctrica		ADJ|electric|1.00
5749	eléctrica	eléctrico	ADJ|electric|1.00
5750	crítica		NOUN|criticism|0.60;ADJ|critical|0.40
5752	chip		NOUN|chip|1.00
5753	cargado		VERB|loaded/charged|1.00
5764	gastar		VERB|to spend|1.00
5767	quitado		VERB|removed|1.00
5770	perímetro		NOUN|perimeter|1.00
5771	pegado		VERB|stuck/glued|1.00
5776	forense		NOUN|forensic/coroner|0.60;ADJ|forensic|0.40
5778	ésas	esa	PRON|those|1.00
5779	dignidad		NOUN|dignity|1.00
5782	delicado		ADJ|delicate|1.00
5783	cuarenta		NUM|forty|1.00
5784	constante		ADJ|constant|1.00
5786	sesos	seso	NOUN|brains|1.00
5787	seriamente		ADV|seriously|1.00
5790	muralla		NOUN|wall|1.00
5795	embarazo		NOUN|pregnancy|1.00
5802	persiguiendo	perseguir	VERB|pursuing/chasing|1.00
5804	milagros	Milagros	PROPN|Milagros|1.00
5805	horror		NOUN|horror|1.00
5806	emocional		ADJ|emotional|1.00
5807	comedor		NOUN|dining room|1.00
5812	subtitulado		VERB|subtitled|1.00
5813	plazo		NOUN|deadline/term|1.00
5814	pesca		NOUN|fishing|1.00
5820	litros	litro	NOUN|liters|1.00
5825	comisaría		NOUN|police station|1.00
5828	vago		ADJ|vague/lazy|0.70;NOUN|bum|0.30
5829	vago	vagar	VERB|wanders|1.00
5831	radiación		NOUN|radiation|1.00
5832	múltiples	múltiple	ADJ|multiple|1.00
5837	cortinas	cortina	NOUN|curtains|1.00
5839	tapa		NOUN|lid/cover|1.00
5840	tapa	tapar	VERB|covers|1.00
5842	respiro		NOUN|breath/respite|1.00
5848	mordida		NOUN|bite|1.00
5849	mordida	mordido	ADJ|bitten|1.00
5851	mmm		INTJ|mmm|1.00
5854	mantequilla		NOUN|butter|1.00
5855	guardián		NOUN|guardian|1.00
5856	escándalo		NOUN|scandal|1.00
5861	tinta		NOUN|ink|1.00
5862	tinta	tinto	ADJ|red wine|1.00
5863	sindicato		NOUN|union/syndicate|1.00
5870	descripción		NOUN|description|1.00
5871	calzones	calzón	NOUN|underwear|1.00
5872	brigada		NOUN|brigade|1.00
5874	repugnante		ADJ|disgusting|1.00
5876	misa		NOUN|mass|1.00
5877	metrópolis		NOUN|metropolis|1.00
5878	metrópolis	metrópoli	NOUN|metropolis|1.00
5880	mamita		NOUN|mommy|1.00
5881	jamón		NOUN|ham|1.00
5883	ésos	esos	PRON|those|1.00
5886	retraso		NOUN|delay|1.00
5887	retraso	retrasar	VERB|delay|1.00
5891	linterna		NOUN|flashlight|1.00
5892	inevitable		ADJ|inevitable|1.00
5896	cacería		NOUN|hunt|1.00
5899	parientes	pariente	NOUN|relatives|1.00
5901	jungla		NOUN|jungle|1.00
5902	dedicado		VERB|dedicated|1.00
5903	dedicado	dedicar	VERB|dedicated|1.00
5906	astuto		ADJ|clever/cunning|1.00
5907	antídoto		NOUN|antidote|1.00
5909	vano		ADJ|vain|1.00
5910	sajones	sajón	NOUN|Saxons|1.00
5912	quemado		VERB|burned|1.00
5916	parejas	parejo	ADJ|pairs/couples|1.00
5919	fuga		NOUN|escape/leak|1.00
5925	artillería		NOUN|artillery|1.00
5926	apariencia		NOUN|appearance|1.00
5931	garantizo	garantizar	VERB|I guarantee|1.00
5935	candidato		NOUN|candidate|1.00
5936	anteriormente		ADV|previously|1.00
5937	adicto		NOUN|addict|0.60;ADJ|addicted|0.40
5938	sello		NOUN|stamp/seal|1.00
5940	retrasado		VERB|delayed|0.60;ADJ|retarded|0.40
5946	chistoso		ADJ|funny|1.00
5949	solar		ADJ|solar|1.00
5950	píldoras	píldora	NOUN|pills|1.00
5955	enseñado		VERB|taught|1.00
5958	descubrimiento		NOUN|discovery|1.00
5960	clérigo		NOUN|clergyman|1.00
5963	batallas	batallar	NOUN|battles|1.00
5966	marzo		NOUN|March|1.00
5969	fraude		NOUN|fraud|1.00
5973	costo		NOUN|cost|1.00
5976	condena		NOUN|sentence/condemnation|1.00
5978	alivio		NOUN|relief|1.00
5979	alivio	aliviar	VERB|relief|1.00
5982	micrófono		NOUN|microphone|1.00
5983	matemáticas	matemática	NOUN|mathematics|1.00
5985	ida	ido	NOUN|departure/one-way|1.00
5988	giro		NOUN|turn/money order|1.00
5992	arroz		NOUN|rice|1.00
5998	seda		NOUN|silk|1.00
5999	seda	sedar	VERB|sedates|1.00
6004	choque		NOUN|crash/shock|1.00
6005	choque	chocar	VERB|crash|1.00
6006	celos	celo	NOUN|jealousy|1.00
6007	aclarar		VERB|to clarify|1.00
6009	santuario		NOUN|sanctuary|1.00
6012	impulso		NOUN|impulse|1.00
6013	impedir		VERB|to prevent|1.00
6020	audición		NOUN|audition/hearing|1.00
6023	afueras		NOUN|outskirts|1.00
6024	tribu		NOUN|tribe|1.00
6025	testamento		NOUN|testament/will|1.00
6026	postre		NOUN|dessert|1.00
6028	ópera		NOUN|opera|1.00
6030	estatal		ADJ|state|1.00
6033	costillas	costilla	NOUN|ribs|1.00
6039	privilegio		NOUN|privilege|1.00
6040	orina		NOUN|urine|1.00
6041	jovencito		NOUN|young man|1.00
6043	invasión		NOUN|invasion|1.00
6046	encaja	encajar	VERB|fits|1.00
6054	usualmente		ADV|usually|1.00
6056	sable		NOUN|saber|1.00
6060	psicópata		NOUN|psychopath|1.00
6062	plaga		NOUN|plague|1.00
6063	plaga	plagar	VERB|plague|1.00
6064	ohh		INTJ|ohh|1.00
6068	bendito		ADJ|blessed|1.00
6071	supuestamente		ADV|supposedly|1.00
6072	residente		NOUN|resident|1.00
6079	hermanito		NOUN|little brother|1.00
6082	firmado		VERB|signed|1.00
6084	entrenar		VERB|to train|1.00
6085	encendido		VERB|turned on|1.00
6091	boxeo		NOUN|boxing|1.00
6092	boxeo	boxear	VERB|boxing|1.00
6093	autorizado		VERB|authorized|1.00
6094	autorizado	autorizar	VERB|authorized|1.00
6095	armadura		NOUN|armor|1.00
6102	músculos	músculo	NOUN|muscles|1.00
6106	incómodo		ADJ|uncomfortable|1.00
6109	expedición		NOUN|expedition|1.00
6113	contratado		VERB|hired|1.00
6122	ejecución		NOUN|execution|1.00
6126	afirmativo		ADJ|affirmative|1.00
6129	talla	tallar	VERB|size/carves|1.00
6130	rodeado		VERB|surrounded|1.00
6131	rodeado	rodear	VERB|surrounded|1.00
6132	reparar		VERB|to repair|1.00
6134	patada		NOUN|kick|1.00
6137	humilde		ADJ|humble|1.00
6140	elefante		NOUN|elephant|1.00
6142	demostración		NOUN|demonstration|1.00
6143	creación		NOUN|creation|1.00
6144	compañia		NOUN|company|1.00
6148	bata		NOUN|robe/gown|1.00
6150	soga		NOUN|rope|1.00
6151	signos	signo	NOUN|signs|1.00
6162	independiente		ADJ|independent|1.00
6167	conque		CONJ|so then|1.00
6169	cometa		NOUN|comet/kite|1.00
6171	acostado		VERB|lying down|1.00
6172	acostado	acostar	VERB|lying down|1.00
6173	pentágono		NOUN|pentagon|1.00
6175	galería		NOUN|gallery|1.00
6177	decepcionado		VERB|disappointed|1.00
6180	ausencia		NOUN|absence|1.00
6183	suma		NOUN|sum|1.00
6184	suma	sumar	VERB|adds|1.00
6185	ogro		NOUN|ogre|1.00
6187	caballería		NOUN|cavalry|1.00
6188	bondad		NOUN|kindness/goodness|1.00
6190	avanzada	avanzado	ADJ|advanced|1.00
6192	ancestros	ancestro	NOUN|ancestors|1.00
6194	puño		NOUN|fist|1.00
6195	otoño		NOUN|autumn/fall|1.00
6198	ligera	ligero	ADJ|light|1.00
6199	iris		NOUN|iris|1.00
6200	horno		NOUN|oven|1.00
6201	grosero		ADJ|rude|1.00
6202	elementos	elemento	NOUN|elements|1.00
6207	veloz		ADJ|fast|1.00
6208	telefónica	telefónico	ADJ|telephone|1.00
6209	tatuaje		NOUN|tattoo|1.00
6211	resuelto		VERB|resolved|1.00
6215	nocturno		ADJ|nocturnal/night|1.00
6216	líquido		NOUN|liquid|0.60;ADJ|liquid|0.40
6220	especialidad		NOUN|specialty|1.00
6228	plena	pleno	ADJ|full|1.00
6229	pervertido		NOUN|pervert|0.60;ADJ|perverted|0.40
6230	pervertido	pervertir	VERB|perverted|1.00
6231	obedecer		VERB|to obey|1.00
6232	mentido		VERB|lied|1.00
6236	jade		NOUN|jade|1.00
6238	ego		NOUN|ego|1.00
6242	césped		NOUN|lawn/grass|1.00
6243	capullo		NOUN|cocoon/jerk|1.00
6245	supervivencia		NOUN|survival|1.00
6246	soñado		VERB|dreamed|1.00
6248	separados	separado	ADJ|separated|1.00
6249	separados	separar	VERB|separated|1.00
6252	infantería		NOUN|infantry|1.00
6253	identificado		VERB|identified|1.00
6256	hambriento		ADJ|hungry|1.00
6260	cortesía		NOUN|courtesy|1.00
6261	colonia		NOUN|colony|1.00
6263	amiguito		NOUN|little friend|1.00
6265	alfa		NOUN|alpha|1.00
6268	sensacional		ADJ|sensational|1.00
6272	literalmente		ADV|literally|1.00
6273	licor		NOUN|liquor|1.00
6274	juzgar		VERB|to judge|1.00
6275	equilibrio		NOUN|balance|1.00
6277	entregado		VERB|delivered|1.00
6281	consulta	consultar	NOUN|consultation|1.00
6282	boxeador		NOUN|boxer|1.00
6283	bahía		NOUN|bay|1.00
6285	taller		NOUN|workshop|1.00
6288	patatas	patata	NOUN|potatoes|1.00
6289	operar		VERB|to operate|1.00
6290	mochila		NOUN|backpack|1.00
6293	inspiración		NOUN|inspiration|1.00
6296	enero		NOUN|January|1.00
6298	claudia		NOUN|Claudia|1.00
6299	claudia	Claudia	PROPN|Claudia|1.00
6300	lógico		ADJ|logical|1.00
6302	insignificante		ADJ|insignificant|1.00
6303	hermandad		NOUN|brotherhood|1.00
6304	goma		NOUN|rubber/eraser|1.00
6305	franco		ADJ|frank|1.00
6306	franco	Franco	PROPN|Franco|1.00
6308	chimenea		NOUN|fireplace/chimney|1.00
6311	sábanas	sábana	NOUN|sheets|1.00
6312	polo		NOUN|pole/polo|1.00
6314	perspectiva		NOUN|perspective|1.00
6316	ministerio		NOUN|ministry|1.00
6317	gesto		NOUN|gesture|1.00
6318	gesto	gestar	VERB|gesture|1.00
6325	arabia	Arabia	PROPN|Arabia|1.00
6326	arabia	arabio	ADJ|Arabian|1.00
6327	vital		ADJ|vital|1.00
6329	transferencia		NOUN|transfer|1.00
6330	suicidó	suicidar	VERB|committed suicide|1.00
6333	seguida		NOUN|succession|1.00
6340	honorable		ADJ|honorable|1.00
6341	hmm		INTJ|hmm|1.00
6343	escolar		ADJ|school|1.00
6345	controlado		VERB|controlled|1.00
6347	constantemente		ADV|constantly|1.00
6350	australia	Australia	PROPN|Australia|1.00
6352	apetito		NOUN|appetite|1.00
6356	órbita		NOUN|orbit|1.00
6363	cuadras	cuadra	NOUN|blocks|1.00
6365	colorado		ADJ|red/colored|1.00
6366	colorado	colorar	VERB|colored|1.00
6367	asia	Asia	PROPN|Asia|1.00
6369	síndrome		NOUN|syndrome|1.00
6370	refrigerador		NOUN|refrigerator|1.00
6375	especialista		NOUN|specialist|1.00
6377	crucero		NOUN|cruise/cruiser|1.00
6379	ardiendo	arder	VERB|burning|1.00
6381	papito		NOUN|daddy|1.00
6383	oficio		NOUN|trade/occupation|1.00
6388	toneladas	tonelada	NOUN|tons|1.00
6389	tobillo		NOUN|ankle|1.00
6390	técnico		NOUN|technician|0.60;ADJ|technical|0.40
6392	saudita	Saudita	PROPN|Saudi|1.00
6393	salvador		NOUN|savior|1.00
6399	moderna	moderno	ADJ|modern|1.00
6400	mito		NOUN|myth|1.00
6401	juramento		NOUN|oath|1.00
6402	garras	garra	NOUN|claws|1.00
6403	consejero		NOUN|counselor|1.00
6404	confusión		NOUN|confusion|1.00
6405	aguarda	aguardar	VERB|awaits|1.00
6408	sirviente		NOUN|servant|1.00
6409	sierra		NOUN|mountain range/saw|1.00
6414	indicado		VERB|indicated|1.00
6416	entrenado		VERB|trained|1.00
6419	enhorabuena		NOUN|congratulations|1.00
6420	cuba	Cuba	PROPN|Cuba|1.00
6421	cruce		NOUN|crossing|1.00
6425	cancelar		VERB|to cancel|1.00
6428	suite		NOUN|suite|1.00
6430	provisiones	provisión	NOUN|provisions|1.00
6431	preferido		VERB|preferred|1.00
6436	mandado		VERB|sent/errand|1.00
6440	gilipollas		NOUN|asshole/idiot|1.00
6443	escopeta		NOUN|shotgun|1.00
6446	desesperado		ADJ|desperate|1.00
6447	desesperado	desesperar	VERB|desperate|1.00
6448	bailarina		NOUN|dancer|1.00
6449	bailarina	bailarín	NOUN|dancer|1.00
6450	alimentar		VERB|to feed|1.00
6452	simpático		ADJ|nice/likeable|1.00
6455	rabia		NOUN|rage/rabies|1.00
6456	rabia	rabiar	VERB|rages|1.00
6459	pito		NOUN|whistle/dick|1.00
6460	pito	pitar	VERB|whistles|1.00
6461	perla		NOUN|pearl|1.00
6462	pendiente		ADJ|pending|0.60;NOUN|earring|0.40
6469	suicida		NOUN|suicide|0.60;ADJ|suicidal|0.40
6471	sobrina		NOUN|niece|1.00
6473	padrino		NOUN|godfather|1.00
6474	fractura		NOUN|fracture|1.00
6475	fractura	fracturar	VERB|fractures|1.00
6478	envío		NOUN|shipment|1.00
6481	destrozado		VERB|destroyed|1.00
6482	destrozado	destrozar	VERB|destroyed|1.00
6484	condicional		ADJ|conditional|1.00
6486	avergonzado		VERB|ashamed|1.00
6487	avergonzado	avergonzar	VERB|ashamed|1.00
6492	val		NOUN|Val|1.00
6497	organizado		VERB|organized|1.00
6498	organizado	organizar	VERB|organized|1.00
6499	novato		NOUN|novice/rookie|1.00
6500	localizar		VERB|to locate|1.00
6507	cajón		NOUN|drawer/box|1.00
6508	aliados	aliado	NOUN|allies|1.00
6509	aliados	aliar	VERB|allied|1.00
6510	águila		NOUN|eagle|1.00
6512	sexto		ADJ|sixth|1.00
6515	protector		NOUN|protector|1.00
6519	materia		NOUN|matter/subject|1.00
6520	hueón		NOUN|dude/idiot|1.00
6521	hueón	huevón	NOUN|dumbass|1.00
6523	gentil		ADJ|kind/gentile|1.00
6524	evidente		ADJ|evident|1.00
6525	enlace		NOUN|link|1.00
6526	dorado		ADJ|golden|1.00
6527	dorado	dorar	VERB|golden|1.00
6530	competir		VERB|to compete|1.00
6531	auténtico		ADJ|authentic|1.00
6533	afortunadamente		ADV|fortunately|1.00
6534	siesta		NOUN|nap/siesta|1.00
6541	extraterrestre		NOUN|alien|0.60;ADJ|extraterrestrial|0.40
6542	egipto	Egipto	PROPN|Egypt|1.00
6543	canciller		NOUN|chancellor|1.00
6547	protocolo		NOUN|protocol|1.00
6549	pacto		NOUN|pact|1.00
6550	pacto	pactar	VERB|pact|1.00
6551	módulo		NOUN|module|1.00
6554	huracán		NOUN|hurricane|1.00
6559	billones	billón	NOUN|billions|1.00
6562	acento		NOUN|accent|1.00
6564	vientre		NOUN|belly/womb|1.00
6566	timón		NOUN|rudder/helm|1.00
6567	tabla		NOUN|board/table|1.00
6570	particularmente		ADV|particularly|1.00
6571	palma		NOUN|palm|1.00
6572	palma	palmar	VERB|palm|1.00
6576	irlandés		ADJ|Irish|1.00
6579	as		NOUN|ace|1.00
6581	voluntario		NOUN|volunteer|0.60;ADJ|voluntary|0.40
6584	vestíbulo		NOUN|lobby/vestibule|1.00
6589	hacha		NOUN|axe|1.00
6590	felicito	felicitar	VERB|I congratulate|1.00
6593	drogado		VERB|drugged|1.00
6594	drogado	drogar	VERB|drugged|1.00
6595	cagar		VERB|to shit|1.00
6596	traducido		VERB|translated|1.00
6597	traducido	traducir	VERB|translated|1.00
6598	suplico	suplicar	VERB|I beg|1.00
6599	salario		NOUN|salary|1.00
6600	préstamo		NOUN|loan|1.00
6601	mensajero		NOUN|messenger|1.00
6602	granjero		NOUN|farmer|1.00
6603	filosofía		NOUN|philosophy|1.00
6606	diagnóstico		NOUN|diagnosis|1.00
6607	cardíaco		ADJ|cardiac/heart|1.00
6613	magneto		NOUN|magneto|1.00
6614	lance		NOUN|throw/cast|1.00
6617	hilo		NOUN|thread|1.00
6619	gemelos	gemelo	NOUN|twins/cufflinks|1.00
6622	dificultades	dificultad	NOUN|difficulties|1.00
6623	concentración		NOUN|concentration|1.00
6627	torpe		ADJ|clumsy|1.00
6628	sobrevivientes	sobreviviente	NOUN|survivors|1.00
6630	región		NOUN|region|1.00
6631	produce	producir	VERB|produces|1.00
6632	post		NOUN|post|1.00
6633	obsesionado		VERB|obsessed|1.00
6634	obsesionado	obsesionar	VERB|obsessed|1.00
6639	automóvil		NOUN|automobile|1.00
6642	ruinas	ruina	NOUN|ruins|1.00
6643	ruinas	ruinar	VERB|ruins|1.00
6644	orilla		NOUN|shore/edge|1.00
6647	excitante		ADJ|exciting|1.00
6652	batallón		NOUN|battalion|1.00
6653	atrae	atraer	VERB|attracts|1.00
6654	apresúrate	apresurar	VERB|hurry up|1.00
6656	ofender		VERB|to offend|1.00
6657	novela		NOUN|novel|1.00
6658	nazis	nazi	NOUN|Nazis|1.00
6661	espectacular		ADJ|spectacular|1.00
6664	construido		VERB|built|1.00
6667	chaval		NOUN|kid/boy|1.00
6670	arrogante		ADJ|arrogant|1.00
6672	vendo	vendar	VERB|I bandage|1.00
6676	semental		NOUN|stallion/stud|1.00
6680	facultad		NOUN|faculty/ability|1.00
6681	envidia		NOUN|envy|1.00
6682	envidia	envidiar	VERB|envies|1.00
6683	emocionado	emocionar	VERB|excited|1.00
6684	disposición		NOUN|disposition|1.00
6688	conquistar		VERB|to conquer|1.00
6691	almohada		NOUN|pillow|1.00
6692	activo		ADJ|active|1.00
6693	activo	activar	VERB|active|1.00
6694	abuelita		NOUN|granny|1.00
6698	traicionado		VERB|betrayed|1.00
6699	traicionado	traicionar	VERB|betrayed|1.00
6700	teresa		NOUN|Teresa|1.00
6701	teresa	Teresa	PROPN|Teresa|1.00
6705	manta		NOUN|blanket|1.00
6706	lidiar		VERB|to deal with|1.00
6709	comunista		NOUN|communist|0.60;ADJ|communist|0.40
6712	suiza	Suiza	PROPN|Switzerland|1.00
6713	suiza	suizo	ADJ|Swiss|1.00
6714	pita		NOUN|whistle|1.00
6716	nudos	nudo	NOUN|knots|1.00
6718	molestado		VERB|bothered|1.00
6721	hembra		NOUN|female|1.00
6722	eternamente		ADV|eternally|1.00
6726	colgado		VERB|hung/hanged|1.00
6729	acusación		NOUN|accusation|1.00
6740	insectos	insecto	NOUN|insects|1.00
6741	imaginado		VERB|imagined|1.00
6749	canto		NOUN|song/singing|1.00
6751	bichos	bicho	NOUN|bugs|1.00
6753	apestoso		ADJ|stinky|1.00
6754	visa		NOUN|visa|1.00
6755	times	timar	VERB|scams|1.00
6758	ooh		INTJ|ooh|1.00