word,old_rank,new_rank
sí,5179,29
aquí,301,32
le,36,37
más,37,38
esto,38,39
ya,39,40
todo,40,41
esta,41,42
vamos,42,43
muy,43,44
hay,44,45
ahora,45,46
algo,46,47
estoy,47,48
tengo,48,49
nos,49,50
tú,50,51
nada,51,52
cuando,52,53
ha,53,54
este,54,55
sé,55,56
estás,56,57
así,57,58
así,545,58
puedo,58,59
cómo,59,60
quiero,60,61
sólo,61,62
soy,62,63
tiene,63,64
gracias,64,65
o,65,66
él,66,67
bueno,67,68
fue,68,69
ser,69,71
hacer,70,72
son,71,73
todos,72,74
era,73,75
eres,74,76
vez,75,77
tienes,76,78
creo,77,79
ella,78,80
he,79,81
ese,80,82
voy,81,83
puede,82,84
sabes,83,85
hola,84,86
sus,85,87
porque,86,88
dios,87,89
quién,88,90
nunca,89,91
dónde,90,92
quieres,91,93
casa,92,94
favor,93,96
esa,94,97
dos,95,98
tan,96,99
señor,97,100
señor,120,100
señor,4966,100
tiempo,98,101
verdad,99,102
estaba,100,103
estaba,5048,103
tenemos,113,114
puedes,114,115
ahí,115,116
ti,116,117
vida,117,118
ver,118,119
alguien,119,120
hasta,121,122
sin,122,123
mí,123,124
solo,124,125
años,125,126
sobre,126,127
decir,127,128
uno,128,129
siempre,129,130
oh,130,131
ir,131,132
cosas,132,133
también,133,135
antes,134,136
has,135,137
ni,136,138
mis,137,139
día,138,140
estar,139,141
estamos,140,142
noche,141,143
nadie,142,144
otra,143,145
quiere,144,146
parece,145,147
nosotros,146,148
poco,147,149
padre,148,150
trabajo,149,151
gente,150,153
mira,151,154
vas,152,155
sea,153,156
les,154,157
donde,155,158
mismo,156,159
hecho,157,160
ellos,158,162
dijo,159,163
pasa,160,164
dinero,161,165
hijo,162,166
tal,163,167
otro,164,168
hablar,165,169
seguro,166,170
claro,167,171
estas,168,172
lugar,169,173
mundo,170,174
amigo,171,175
espera,172,176
espera,4850,176
mierda,173,178
han,174,179
tus,175,180
sabe,176,181
después,177,182
momento,178,183
desde,179,184
fuera,180,185
cosa,181,188
tipo,182,190
mañana,183,191
podemos,184,192
dije,185,193
gran,186,194
necesito,187,195
estado,188,196
podría,189,198
acuerdo,190,199
acuerdo,962,199
papá,191,201
tener,192,202
dice,193,203
mío,194,204
crees,195,205
buena,196,206
gusta,197,208
nuestro,198,209
nuevo,199,210
será,200,211
haciendo,201,212
días,202,213
nombre,203,214
buen,204,215
había,205,216
ven,206,217
tres,207,219
menos,208,220
debe,209,221
tenía,210,222
mal,211,223
conmigo,212,224
madre,213,225
hoy,214,226
quien,215,227
sido,216,228
mamá,217,229
tienen,218,230
luego,219,231
todas,220,232
allí,221,233
toda,222,234
hora,223,235
mujer,224,236
visto,225,237
haces,226,238
importa,227,239
contigo,228,240
ve,229,241
tarde,230,243
oye,231,245
parte,232,246
haber,233,248
hombres,234,249
problema,235,250
mas,236,251
saber,237,252
quería,238,253
aún,239,254
aún,4942,254
veces,240,255
nuestra,241,256
hacerlo,242,257
cada,243,258
hizo,244,259
veo,245,260
tanto,246,261
razón,247,262
ustedes,248,263
idea,249,264
esos,250,265
van,251,266
quizá,252,267
debo,253,268
alguna,254,269
cierto,255,270
ud,256,271
muerto,257,272
unos,258,274
estos,259,275
salir,260,276
policía,261,277
realmente,262,278
demasiado,263,279
familia,264,280
pueden,265,281
cabeza,266,282
hemos,267,283
amigos,268,284
chica,269,285
cariño,270,287
lado,271,288
allá,272,289
allá,3023,289
entre,273,290
minutos,274,291
digo,275,292
algún,276,293
serio,277,294
cuidado,278,295
pasó,279,297
pasó,5215,297
buenas,280,298
somos,281,299
amor,282,300
puerta,283,301
ves,284,302
vaya,285,303
ah,286,304
suerte,287,305
eh,288,306
rápido,289,307
rápido,4981,307
cuenta,290,308
quizás,291,310
esas,292,311
pues,293,312
pues,5086,312
pasado,294,313
pasado,4963,313
pensé,295,315
todavía,296,316
hermano,297,317
debes,298,318
casi,299,319
forma,300,320
chico,302,322
ok,303,323
dicho,304,324
nueva,305,326
sabía,306,328
muchas,307,329
dentro,308,330
hice,309,331
contra,310,332
auto,311,333
camino,312,334
ayuda,313,336
primera,314,338
hacia,315,340
vi,316,341
miedo,317,342
adiós,318,343
primero,319,344
debería,320,345
debería,5152,345
poder,321,346
niños,322,347
sería,323,348
historia,324,349
hey,325,350
mientras,326,351
ciudad,327,352
dijiste,328,353
espero,329,354
cuánto,330,355
esposa,331,356
pronto,332,358
chicos,333,359
cualquier,334,360
viejo,335,361
debemos,336,362
deja,337,363
año,338,364
muerte,339,365
hablando,340,366
hablando,5229,366
manos,341,367
da,342,368
loco,343,369
problemas,344,370
mano,345,371
guerra,346,372
semana,347,373
semana,983,373
pasar,348,374
vale,349,375
cuál,350,377
cuál,5146,377
viene,351,378
volver,352,379
toma,353,380
caso,354,381
agua,355,383
agua,989,383
haré,356,384
vete,357,385
entiendo,358,386
entiendo,5168,386
horas,359,387
personas,360,388
capitán,361,389
adelante,362,390
niño,363,391
listo,364,392
noches,365,393
buenos,366,394
iba,367,395
juntos,368,396
dame,369,397
único,370,398
déjame,371,399
cerca,372,400
cerca,373,400
otros,374,402
sigue,375,403
grande,376,404
arriba,377,405
jefe,378,406
habla,379,407
supongo,380,409
manera,381,410
quieren,382,411
feliz,383,412
significa,384,413
sangre,385,414
fin,386,415
bajo,387,416
llama,388,418
llama,4994,418
venir,389,420
morir,390,421
importante,391,422
hiciste,392,423
ojos,393,424
escucha,394,425
entrar,395,426
entrar,5017,426
ningún,396,427
corazón,397,428
corazón,4969,428
diablos,398,429
necesitamos,399,430
atrás,400,431
durante,401,432
dices,402,433
nuestros,403,434
persona,404,435
abajo,405,436
dr,406,437
hija,407,438
dejar,408,439
necesita,409,440
llegar,410,441
llegar,4992,441
hago,411,442
señora,412,443
haya,413,444
suficiente,414,446
doctor,415,447
gustaría,416,448
tierra,417,449
cara,418,450
siquiera,419,451
siquiera,5231,451
genial,420,452
cree,421,453
cree,4863,453
supuesto,422,454
supuesto,4957,454
supuesto,5212,454
tomar,423,455
equipo,424,456
justo,425,458
juego,426,459
ninguna,427,461
matar,428,462
cinco,429,463
dicen,430,464
amo,431,465
cuándo,432,467
pequeño,433,468
algunos,434,469
conozco,435,470
clase,436,471
maldito,437,472
unas,438,473
muchos,439,474
hubiera,440,475
segundo,441,476
aunque,442,477
pueda,443,478
pueda,5183,478
dime,444,479
igual,445,480
comida,446,481
ay,447,483
cuerpo,448,484
cuerpo,952,484
encontrar,449,485
fuerte,450,486
vuelta,451,487
venga,452,489
creer,453,490
realidad,454,491
saben,455,492
puta,456,493
deberías,457,494
pregunta,458,495
fui,459,497
cuatro,460,499
cuatro,4936,499
sra,461,500
primer,462,501
trabajar,463,502
e,464,503
hagas,465,504
alto,466,505
maldita,467,506
comer,468,507
número,469,508
dar,470,509
necesitas,471,510
oportunidad,472,511
punto,473,512
misma,474,513
última,475,514
afuera,476,515
mujeres,477,516
pensar,478,517
fueron,479,518
difícil,480,520
vivir,481,521
paso,482,522
malo,483,524
estabas,484,525
vivo,485,526
haga,486,528
queda,487,529
queda,5167,529
hijos,488,530
mayor,489,531
fiesta,490,532
hacen,491,533
medio,492,534
algunas,493,535
basta,494,536
arma,495,537
vino,496,539
vino,4902,539
meses,497,541
cuarto,498,542
éste,499,543
escuela,500,544
esté,501,545
dólares,502,546
dólares,4860,546
tío,503,547
posible,504,548
posible,912,548
tuve,505,549
fácil,506,550
preocupes,507,551
luz,508,552
eran,509,553
carajo,510,554
final,511,555
lista,512,556
trata,513,558
trata,4965,558
armas,514,559
hermana,515,561
exactamente,516,562
chicas,517,563
podía,518,564
bastante,519,565
seguridad,520,566
pasando,521,567
esperando,522,568
acá,523,569
teléfono,524,570
perro,525,571
perro,979,571
fuego,526,572
fuego,960,572
murió,527,573
tampoco,528,574
sola,529,575
estuvo,530,576
verte,531,577
iré,532,578
tenido,533,579
culpa,534,580
veras,535,582
adónde,536,583
buscando,537,584
buscando,5054,584
cuanto,538,585
padres,539,586
paz,540,587
demonios,541,588
estará,542,589
cual,543,590
perdón,544,591
jugar,546,593
pensando,547,594
esperar,548,595
sabemos,549,596
recuerdo,550,597
recuerdo,966,597
par,551,599
joven,552,600
seguir,553,601
seguir,5225,601
pueblo,554,602
tenga,555,603
caballeros,556,604
idiota,557,605
dio,558,606
minuto,559,607
bebé,560,608
única,561,609
lejos,562,610
nuestras,563,611
plan,564,612
pienso,565,613
sentido,566,614
dormir,567,616
digas,568,617
palabra,569,618
correcto,570,619
control,571,620
vemos,572,621
entiendes,573,622
país,574,623
seis,575,624
último,576,625
ésta,577,626
diga,578,627
podrías,579,628
pequeña,580,629
cállate,581,630
trato,582,631
rey,583,633
sucede,584,634
muchachos,585,635
jamás,586,636
cama,587,637
srta,588,638
ayudar,589,639
acerca,590,640
acerca,954,640
di,591,642
cambio,592,643
falta,593,645
hospital,594,647
lleva,595,648
lleva,4961,648
lleva,5164,648
presidente,596,649
mil,597,650
gusto,598,651
conoces,599,653
diciendo,600,654
os,601,655
ido,602,656
general,603,657
extraño,604,658
semanas,605,660
coche,606,661
peor,607,662
mucha,608,664
disculpe,609,665
diré,610,666
anoche,611,667
perder,612,668
perder,4855,668
vámonos,613,669
nave,614,670
cielo,615,671
habrá,616,672
orden,617,673
segura,618,674
querida,619,675
niña,620,678
increíble,621,679
además,622,680
deben,623,681
deben,5000,681
libro,624,682
calle,625,683
café,626,685
piensas,627,686
hacemos,628,687
especial,629,688
queremos,630,689
irme,631,690
perfecto,632,691
buscar,633,692
buscar,5141,692
odio,634,693
piensa,635,695
oficina,636,696
hablas,637,697
libre,638,699
agente,639,700
llamar,640,701
mala,641,702
detrás,642,704
detrás,4827,704
viste,643,705
dile,644,706
grandes,645,707
recuerdas,646,708
real,647,709
estaban,648,710
mía,649,711
frente,650,712
frente,973,712
perdido,651,713
llamo,652,714
muertos,653,715
millones,654,716
asesino,655,717
sueño,656,719
quisiera,657,721
habría,658,722
hará,659,723
hará,4872,723
viaje,660,724
probablemente,661,726
resto,662,727
estaré,663,728
maldición,664,729
lamento,665,730
muchacho,666,732
avión,667,733
avión,4923,733
ropa,668,734
fuerza,669,735
fuerza,917,735
llamado,670,737
oído,671,739
oído,5153,739
dado,672,741
encima,673,743
encima,4941,743
negro,674,744
usar,675,745
información,676,746
uds,677,747
preguntas,678,748
tuvo,679,750
tuvo,4898,750
secreto,680,751
vuelve,681,752
miren,682,753
quieras,683,754
haría,684,755
acaba,685,756
otras,686,757
incluso,687,758
sientes,688,759
deberíamos,689,761
haz,690,762
decirte,691,764
boca,692,765
dolor,693,766
baño,694,767
adentro,695,769
profesor,696,770
habitación,697,771
daño,698,772
tuyo,699,774
seas,700,775
noticias,701,776
demás,702,777
querido,703,778
duro,704,780
poner,705,782
poner,4845,782
prueba,706,783
mire,707,785
tonto,708,786
tonto,937,786
campo,709,787
siendo,710,789
diez,711,790
ése,712,791
tranquilo,713,792
asunto,714,793
asunto,5008,793
acabó,715,794
quédate,716,795
derecho,717,796
placer,718,797
recuerda,719,798
estuve,720,799
tratando,721,800
basura,722,901
basura,808,901
situación,723,902
situación,809,902
mejores,724,903
mejores,810,903
vienen,725,904
vienen,811,904
vienen,5122,904
encanta,726,905
encanta,812,905
marido,727,906
marido,813,906
personal,728,907
personal,814,907
maestro,729,908
maestro,815,908
hambre,730,909
hambre,816,909
ataque,731,910
ataque,817,910
ataque,5024,910
culo,732,912
culo,818,912
dale,733,913
dale,819,913
pie,734,914
pie,820,914
conseguir,735,915
conseguir,821,915
conseguir,5097,915
trabajando,736,916
trabajando,822,916
gracioso,737,917
gracioso,823,917
dejó,738,918
dejó,824,918
pudo,739,919
pudo,825,919
derecha,740,920
derecha,826,920
izquierda,741,921
izquierda,827,921
próxima,742,922
próxima,828,922
pobre,743,923
pobre,829,923
respuesta,744,924
respuesta,830,924
respuesta,5001,924
tipos,745,925
tipos,831,925
sentir,746,926
sentir,832,926
tenías,747,927
tenías,833,927
pude,748,928
pude,834,928
darle,749,929
darle,835,929
voz,750,930
voz,836,930
amiga,751,931
amiga,837,931
gustan,752,932
gustan,838,932
vista,753,933
vista,839,933
salvo,754,935
salvo,840,935
loca,755,937
loca,841,937
hotel,756,938
hotel,842,938
hicieron,757,939
hicieron,843,939
hicieron,5157,939
ten,758,940
ten,844,940
temo,759,941
temo,845,941
señal,760,942
señal,846,942
pelo,761,943
pelo,847,943
llevo,762,945
llevo,848,945
ayer,763,946
ayer,849,946
das,764,947
das,850,947
nena,765,948
nena,851,948
servicio,766,949
servicio,852,949
tren,767,950
tren,853,950
tren,5089,950
bonito,768,951
bonito,854,951
mes,769,952
mes,855,952
tendrá,770,953
tendrá,856,953
tendrás,771,954
tendrás,857,954
edad,772,955
edad,858,955
ellas,773,956
ellas,859,956
hermosa,774,957
hermosa,860,957
honor,775,958
honor,861,958
simplemente,776,959
simplemente,862,959
llamas,777,960
llamas,863,960
tengas,778,962
tengas,864,962
corre,779,963
corre,865,963
baja,780,964
baja,866,964
sol,781,966
sol,867,966
siéntate,782,967
siéntate,868,967
dan,783,968
dan,869,968
humano,784,969
humano,870,969
divertido,785,970
divertido,871,970
sexo,786,972
sexo,872,972
vuelto,787,973
vuelto,873,973
peligro,788,975
peligro,874,975
mesa,789,977
mesa,875,977
siguiente,790,978
siguiente,876,978
hablo,791,979
hablo,877,979
disculpa,792,980
disculpa,878,980
decirme,793,982
decirme,879,982
caja,794,983
caja,880,983
negocios,795,984
negocios,881,984
misión,796,986
misión,882,986
silencio,797,987
silencio,883,987
sale,798,988
sale,884,988
llegado,799,989
llegado,885,989
estaría,800,990
estaría,886,990
regreso,801,991
regreso,887,991
regreso,5099,991
media,802,993
media,888,993
estan,803,995
estan,889,995
propio,804,996
propio,890,996
oro,805,997
oro,891,997
enseguida,806,999
enseguida,892,999
linda,807,1000
linda,893,1000
prometo,894,1001
esposo,895,1002
norte,896,1004
hubo,897,1005
hubo,4983,1005
juro,898,1006
muerta,899,1007
interesante,900,1009
pensaba,901,1010
busca,902,1011
terminar,903,1013
tendré,904,1014
completamente,905,1015
cita,906,1016
siete,907,1018
cumpleaños,908,1019
abogado,909,1020
abogado,4894,1020
alrededor,910,1021
alrededor,4922,1021
largo,911,866
deseo,913,1066
deseo,4875,1066
escrito,914,1864
escrito,1661,1864
escrito,5018,1864
duda,915,1315
duda,1173,1315
duda,5022,1315
esconde,916,4680
esconde,4166,4680
suelo,919,1141
suelo,1018,1141
suelo,4907,1141
destino,920,1053
talla,921,6128
misterio,922,2836
misterio,2835,2836
costa,924,1792
costa,1599,1792
rango,925,4752
rango,4233,4752
bosque,926,1278
bosque,1140,1278
iglesia,927,1061
sienta,928,2618
sienta,2335,2618
sienta,2617,2618
moda,929,3340
flor,930,3842
flor,3418,3842
nota,931,1455
nota,1295,1455
carne,932,1074
rodilla,933,4970
rodilla,4436,4970
escritor,934,4184
escritor,3719,4184
certeza,935,5334
certeza,4753,5334
gana,938,1800
gana,1607,1800
llave,939,1024
piso,940,869
agencia,941,2574
agencia,2294,2574
agencia,2573,2574
agencia,5132,2574
sorpresa,942,1088
cabello,943,1786
cabello,1595,1786
ritmo,944,3164
industria,945,4476
industria,3983,4476
república,946,4881
república,4350,4881
ganado,947,1745
ganado,1559,1745
ganado,4944,1745
futuro,948,802
pasaje,949,5151
pasaje,4591,5151
queja,950,5844
rápidamente,953,2885
rápidamente,2884,2885
rápidamente,5113,2885
promesa,955,2615
promesa,2332,2615
promesa,2614,2615
promesa,4995,2615
economía,956,5970
barra,958,4146
barra,3685,4146
lástima,959,1765
lástima,1576,1765
intención,961,2352
intención,2095,2352
intención,5128,2352
bolsa,963,1280
bolsa,1142,1280
carrera,965,1119
vigilancia,969,2999
vigilancia,2997,2999
sensación,970,3123
consecuencias,971,3592
consecuencias,3196,3592
consecuencias,5012,3592
venganza,972,2169
venganza,1926,2169
espalda,974,1331
espalda,1186,1331
ángel,976,2162
ángel,1919,2162
azúcar,977,2345
azúcar,2088,2345
muro,978,3604
muro,3207,3604
viento,980,1609
viento,1436,1609
pedir,984,1443
pedir,1284,1443
pedir,5105,1443
lluvia,985,2233
lluvia,1984,2233
gato,986,1188
gato,1059,1188
leche,987,1817
leche,1619,1817
caballo,988,1264
caballo,1127,1264
piedra,990,1904
piedra,1695,1904
hoja,991,4811
hoja,4286,4811
árbol,992,1720
árbol,1537,1720
madera,993,3071
flecha,995,5274
flecha,4699,5274
montaña,998,2272
montaña,2020,2272
colina,999,3187
vuelo,1001,1120
ante,1002,1122
bienvenido,1003,1123
harás,1004,1124
encontramos,1005,1125
encontrado,1006,1126
contacto,1007,1127
posición,1008,1129
saberlo,1009,1130
planeta,1010,1131
humanos,1011,1132
coronel,1012,1133
junto,1013,1134
diría,1014,1136
ésa,1015,1137
base,1016,1138
oír,1017,1140
pelear,1019,1143
ayudarte,1020,1144
pistola,1021,1145
frío,1022,1146
comandante,1023,1148
partes,1024,1149
llega,1025,1151
verás,1026,1152
sur,1027,1153
iremos,1028,1154
rato,1029,1155
mar,1030,1156
espacio,1031,1157
espacio,5236,1157
asesinato,1032,1158
asesinato,4926,1158
ventana,1033,1159
prisa,1034,1160
tienda,1035,1161
cámara,1036,1163
puedas,1037,1164
según,1038,1165
broma,1039,1166
reunión,1040,1167
reunión,5049,1167
despierta,1041,1168
sacar,1042,1169
tí,1043,1170
segunda,1044,1171
papel,1045,1172
locura,1046,1173
departamento,1047,1174
horrible,1048,1175
enfermo,1049,1176
pregunto,1050,1177
cárcel,1051,1178
órdenes,1052,1179
intento,1053,1180
isla,1054,1182
salida,1055,1183
llamó,1056,1185
volveré,1057,1186
usa,1058,1187
hagan,1060,1189
dejes,1061,1190
duele,1062,1191
vengan,1063,1192
crimen,1064,1193
esperaba,1065,1194
causa,1066,1195
bar,1067,1197
seré,1068,1198
ocho,1069,1199
temprano,1070,1200
río,1071,1201
relación,1072,1203
drogas,1073,1204
luces,1074,1205
bromeando,1075,1206
ojalá,1076,1207
hablamos,1077,1208
trabaja,1078,1209
irse,1079,1210
libros,1080,1211
radio,1081,1212
vienes,1082,1213
quedan,1083,1214
excepto,1084,1215
brazo,1085,1216
tome,1086,1217
rojo,1087,1218
conocido,1088,1219
conocido,5063,1219
universidad,1089,1221
investigación,1090,1222
batalla,1091,1223
reglas,1092,1224
cargo,1093,1225
hogar,1094,1227
ninguno,1095,1228
dieron,1096,1229
vuelva,1097,1230
sabías,1098,1231
respeto,1099,1232
estación,1100,1234
corte,1101,1235
paciente,1102,1237
encuentro,1103,1238
energía,1104,1240
dejado,1105,1241
baile,1106,1243
abuela,1107,1244
caliente,1108,1245
vieja,1109,1246
viendo,1110,1247
veremos,1111,1248
rayos,1112,1249
simple,1113,1250
bailar,1114,1251
papa,1115,1252
triste,1116,1253
zona,1117,1254
serás,1118,1255
guardia,1119,1256
canción,1120,1257
salud,1121,1258
escuchar,1122,1259
escuchar,5165,1259
parar,1123,1260
estarás,1124,1261
cenar,1125,1262
soldados,1126,1263
serán,1128,1265
estaremos,1129,1266
interesa,1130,1267
volar,1131,1268
principio,1132,1269
nivel,1133,1270
cálmate,1134,1271
conocer,1135,1272
finalmente,1136,1273
alegro,1137,1274
debajo,1138,1276
podrían,1139,1277
bonita,1141,1279
pone,1143,1281
pone,5053,1281
taxi,1144,1282
ocupado,1145,1283
ocupado,4976,1283
amable,1146,1285
acaso,1147,1286
detente,1148,1287
imbécil,1149,1288
san,1150,1289
equivocado,1151,1291
viva,1152,1292
puso,1153,1293
obra,1154,1294
consejo,1155,1296
público,1156,1297
ayúdame,1157,1298
animales,1158,1299
azul,1159,1300
apuesto,1160,1301
prisión,1161,1302
mirar,1162,1303
inteligente,1163,1304
inteligente,4804,1304
metros,1164,1305
fantástico,1165,1306
próximo,1166,1307
jugando,1167,1308
ojo,1168,1309
salga,1169,1310
vea,1170,1311
llaman,1171,1312
entrada,1172,1313
cerveza,1174,1317
unidos,1175,1318
matado,1176,1320
princesa,1177,1322
perdí,1178,1323
entender,1179,1324
santa,1180,1325
quedar,1181,1326
miles,1182,1327
llamaré,1183,1328
compañero,1184,1329
compañero,5163,1329
pensado,1185,1330
pensado,5110,1330
dejé,1187,1332
bomba,1188,1333
cartas,1189,1334
apenas,1190,1335
leer,1191,1336
leer,4947,1336
hermanos,1192,1337
darme,1193,1338
papi,1194,1339
mantener,1195,1340
suyo,1196,1341
rico,1197,1342
verla,1198,1343
lee,1199,1344
sigues,1200,1345
toca,1201,1346
olvídalo,1202,1347
acción,1203,1348
hayas,1204,1349
dioses,1205,1351
mando,1206,1352
dejaré,1207,1354
llegue,1208,1355
formas,1209,1356
uh,1210,1358
cierra,1211,1359
damas,1212,1360
puente,1213,1361
memoria,1214,1362
regresa,1215,1363
muévanse,1216,1364
parecía,1217,1365
vestido,1218,1366
llaves,1219,1368
tv,1220,1369
camión,1221,1370
acabar,1222,1371
robot,1223,1372
llevó,1224,1373
montón,1225,1374
estuviste,1226,1375
máquina,1227,1376
puertas,1228,1377
podamos,1229,1378
muere,1230,1380
trago,1231,1381
mayoría,1232,1383
reina,1233,1384
lleno,1234,1386
inglés,1235,1388
don,1236,1389
soldado,1237,1390
estrella,1238,1392
escuche,1239,1394
valor,1240,1395
pido,1241,1396
delante,1242,1397
código,1243,1398
héroe,1244,1399
fe,1245,1400
capaz,1246,1401
verme,1247,1402
beber,1248,1403
velocidad,1249,1404
darte,1250,1405
llevas,1251,1406
partido,1252,1407
estuviera,1253,1409
dia,1254,1410
opinión,1255,1411
irte,1256,1412
cocina,1257,1413
abrir,1258,1415
abrir,5221,1415
perros,1259,1416
tambien,1260,1417
sepa,1261,1418
pareces,1262,1419
escribir,1263,1420
golpe,1264,1421
tenia,1265,1422
alta,1266,1423
estados,1267,1424
tocar,1268,1426
vuelvo,1269,1427
habían,1270,1428
ganas,1271,1429
hacerte,1272,1431
dejo,1273,1432
volvió,1274,1433
ejemplo,1275,1434
contar,1276,1435
contar,4937,1435
tenían,1277,1436
propósito,1278,1437
propósito,5171,1437
entiende,1279,1438
empieza,1280,1439
anillo,1281,1440
londres,1282,1441
tendría,1283,1442
estilo,1285,1444
ayudarme,1286,1445
pista,1287,1446
cambiado,1288,1447
escapar,1289,1449
eeuu,1290,1450
encontró,1291,1451
espíritu,1292,1452
viejos,1293,1453
molesta,1294,1454
diferencia,1296,1457
tratar,1297,1458
precio,1298,1459
caballero,1299,1460
sirve,1300,1461
alegra,1301,1462
doble,1302,1463
agradable,1303,1464
embargo,1304,1465
tengan,1305,1466
tuvimos,1306,1467
sube,1307,1468
estén,1308,1469
mami,1309,1470
emergencia,1310,1471
cuello,1311,1472
boda,1312,1473
aprender,1313,1474
aprender,4854,1474
té,1314,1475
informe,1315,1476
blanca,1316,1478
experiencia,1317,1480
debía,1318,1481
podido,1319,1482
mentira,1320,1483
director,1321,1484
mata,1322,1485
exacto,1323,1486
déjalo,1324,1487
defensa,1325,1488
defensa,4960,1488
tuviste,1326,1489
confiar,1327,1490
color,1328,1491
hacerle,1329,1492
aquel,1330,1493
conocí,1331,1494
probar,1332,1495
príncipe,1333,1496
irá,1334,1497
despacio,1335,1498
tiro,1336,1499
vacaciones,1337,1501
perdió,1338,1502
fondo,1339,1503
verde,1340,1504
parecen,1341,1505
mama,1342,1506
bienvenida,1343,1507
opción,1344,1508
operación,1345,1509
hablado,1346,1510
traer,1347,1511
principal,1348,1512
demonio,1349,1513
zapatos,1350,1514
leo,1351,1515
respecto,1352,1516
respecto,5007,1516
respecto,5160,1516
nuevos,1353,1517
especie,1354,1518
pidió,1355,1519
éxito,1356,1520
cabrón,1357,1521
mírame,1358,1522
piernas,1359,1523
unidad,1360,1524
hielo,1361,1525
llegamos,1362,1526
déjeme,1363,1527
debí,1364,1528
vendrá,1365,1529
matrimonio,1366,1530
habías,1367,1531
podrá,1368,1532
podrá,5039,1532
piel,1369,1533
preocupa,1370,1534
quedarme,1371,1535
mio,1372,1536
tuviera,1373,1538
tiempos,1374,1539
quienes,1375,1540
oiga,1376,1541
últimos,1377,1542
oigan,1378,1543
fuimos,1379,1544
arte,1380,1546
necesitaba,1381,1547
quiénes,1382,1548
común,1383,1549
intentando,1384,1550
llevaré,1385,1551
levántate,1386,1552
correr,1387,1553
brillante,1388,1554
calor,1389,1555
planes,1390,1556
dra,1391,1557
visita,1392,1558
presión,1393,1559
pared,1394,1560
esperanza,1395,1561
esperanza,5061,1561
completo,1396,1562
subir,1397,1564
cansado,1398,1565
llame,1399,1567
recordar,1400,1568
trampa,1401,1569
monstruo,1402,1570
bajar,1403,1571
pierna,1404,1572
señores,1405,1573
tomó,1406,1574
pasará,1407,1575
mataste,1408,1576
grandioso,1409,1577
socio,1410,1578
herido,1411,1579
cayó,1412,1581
fuerzas,1413,1582
fuerzas,5196,1582
cine,1414,1584
escena,1415,1585
escena,5041,1585
tía,1416,1586
dando,1417,1587
puntos,1418,1588
teníamos,1419,1589
dejaste,1420,1590
muévete,1421,1591
larga,1422,1592
solía,1423,1594
tema,1424,1595
preparado,1425,1597
depende,1426,1599
policías,1427,1600
solos,1428,1601
matarme,1429,1602
pon,1430,1603
hubiese,1431,1604
bebe,1432,1605
tanta,1433,1606
oeste,1434,1607
parís,1435,1608
jóvenes,1437,1610
hacerme,1438,1611
asiento,1439,1612
estupendo,1440,1613
caminar,1441,1614
juicio,1442,1615
juicio,5051,1615
creerlo,1443,1616
carga,1444,1617
carga,4887,1617
tranquila,1445,1619
banda,1446,1620
estarán,1447,1621
animal,1448,1622
escuchen,1449,1623
encontraron,1450,1624
dejas,1451,1625
tarjeta,1452,1626
ibas,1453,1627
podrás,1454,1628
nueve,1455,1629
seguramente,1456,1630
volverá,1457,1631
majestad,1458,1632
llena,1459,1633
caer,1460,1635
aeropuerto,1461,1636
vayamos,1462,1637
acabado,1463,1638
sigo,1464,1639
enorme,1465,1640
área,1466,1641
muevas,1467,1642
haberlo,1468,1643
dejen,1469,1644
ridículo,1470,1645
reloj,1471,1646
hagamos,1472,1647
flores,1473,1648
mapa,1474,1649
culpable,1475,1650
cuentas,1476,1651
pareja,1477,1653
tomando,1478,1654
laboratorio,1479,1655
beso,1480,1656
empezó,1481,1658
empezó,4951,1658
pedí,1482,1659
nariz,1483,1660
cuestión,1484,1661
terminó,1485,1662
vengo,1486,1663
perdona,1487,1664
acuerdas,1488,1665
verano,1489,1666
prefiero,1490,1667
peso,1491,1668
oscuridad,1492,1670
diferentes,1493,1671
cliente,1494,1672
cuántas,1495,1673
televisión,1496,1674
suya,1497,1675
prensa,1498,1676
vistazo,1499,1677
inmediatamente,1500,1678
solamente,1501,1679
gordo,1502,1680
quedarse,1503,1681
posibilidad,1504,1682
medicina,1505,1683
malditos,1506,1684
pantalones,1507,1685
mataron,1508,1686
ayude,1509,1687
podremos,1510,1688
locos,1511,1689
nombres,1512,1690
parecer,1513,1691
américa,1514,1692
definitivamente,1515,1693
cinta,1516,1694
desea,1517,1695
brazos,1518,1696
asuntos,1519,1697
riesgo,1520,1698
riesgo,5143,1698
escuché,1521,1699
lugares,1522,1700
cuento,1523,1701
noticia,1524,1703
dígame,1525,1704
decirlo,1526,1705
tonterías,1527,1706
sentimientos,1528,1707
sentimientos,4866,1707
objetivo,1529,1708
objetivo,5052,1708
pasada,1530,1709
arreglar,1531,1712
casado,1532,1713
bote,1533,1715
roja,1534,1717
roja,4891,1717
leyes,1535,1718
millón,1536,1719
hable,1538,1721
proyecto,1539,1722
nervioso,1540,1723
lana,1541,1724
salido,1542,1725
pedazo,1543,1726
malas,1544,1727
joder,1545,1729
humana,1546,1730
absolutamente,1547,1731
evitar,1548,1732
corriendo,1549,1733
bala,1550,1734
vosotros,1551,1735
despues,1552,1736
debido,1553,1737
confianza,1554,1739
confianza,5076,1739
especialmente,1555,1740
intenta,1556,1741
pequeños,1557,1742
paga,1558,1743
ama,1560,1747
limpio,1561,1749
comenzar,1562,1751
ángeles,1563,1752
robots,1564,1753
lleve,1565,1754
ruido,1566,1755
preocupe,1567,1756
belleza,1568,1757
salgan,1569,1758
come,1570,1759
verá,1571,1760
deberían,1572,1761
deberían,5245,1761
líder,1573,1762
preguntar,1574,1763
inocente,1575,1764
red,1577,1766
enfermedad,1578,1767
enfermedad,5078,1767
desgraciado,1579,1768
harán,1580,1770
dientes,1581,1771
maté,1582,1772
central,1583,1773
ponte,1584,1774
felices,1585,1775
supe,1586,1776
haberte,1587,1777
marcha,1588,1778
poderes,1589,1780
hubieras,1590,1781
justicia,1591,1782
bella,1592,1783
dé,1593,1784
proteger,1594,1785
proteger,4987,1785
pedido,1596,1787
pedido,5200,1787
oscuro,1597,1789
embarazada,1598,1790
dama,1600,1793
alguno,1601,1794
orgulloso,1602,1795
vos,1603,1796
tomado,1604,1797
digamos,1605,1798
debió,1606,1799
cura,1608,1802
lengua,1609,1804
araña,1610,1805
podré,1611,1807
voluntad,1612,1808
total,1613,1809
dedo,1614,1810
pago,1615,1811
agradezco,1616,1813
partir,1617,1814
lucha,1618,1815
lucha,4900,1815
diste,1620,1818
copa,1621,1819
quedarte,1622,1820
seguros,1623,1821
destruir,1624,1822
bienvenidos,1625,1823
llevan,1626,1824
ponga,1627,1825
lados,1628,1826
acceso,1629,1827
acceso,4952,1827
intentar,1630,1828
trajo,1631,1829
desastre,1632,1830
deber,1633,1831
deber,5050,1831
herida,1634,1832
débil,1635,1835
naturaleza,1636,1836
luchar,1637,1837
extraña,1638,1838
encontraste,1639,1840
vieron,1640,1841
llámame,1641,1842
imagen,1642,1843
pan,1643,1844
refieres,1644,1845
clientes,1645,1846
clientes,4867,1846
varios,1646,1847
show,1647,1848
auxilio,1648,1849
oyes,1649,1850
siguen,1650,1851
sentado,1651,1852
saliendo,1652,1854
responsable,1653,1855
olvidado,1654,1856
quedó,1655,1858
permite,1656,1859
aquella,1657,1860
puse,1658,1861
sonido,1659,1862
quiso,1660,1863
carro,1662,1865
preciosa,1663,1866
muestra,1664,1867
muestra,5220,1867
bastardo,1665,1869
restaurante,1666,1870
huevos,1667,1871
fantasma,1668,1872
mismos,1669,1873
profesional,1670,1874
amas,1671,1875
entero,1672,1877
películas,1673,1878
cerrado,1674,1879
dedos,1675,1881
sigan,1676,1882
dueño,1677,1883
cuchillo,1678,1884
turno,1679,1885
tormenta,1680,1886
caray,1681,1887
abierto,1682,1888
quede,1683,1890
verdadera,1684,1891
mato,1685,1892
doc,1686,1893
playa,1687,1894
km,1688,1895
victoria,1689,1896
primo,1690,1897
oíste,1691,1898
lisa,1692,1899
interior,1693,1901
hechos,1694,1902
jodido,1696,1905
militar,1697,1907
computadora,1698,1908
encantaría,1699,1909
siga,1700,1910
silla,1701,1911
silla,4864,1911
silla,5068,1911
movimiento,1702,1912
momentos,1703,1913
familiar,1704,1914
apartamento,1705,1915
disparar,1706,1916
tesoro,1707,1917
perfecta,1708,1918
refiero,1709,1919
motivo,1710,1920
dará,1711,1921
nuevas,1712,1922
mr,1713,1923
querer,1714,1924
matarlo,1715,1925
valiente,1716,1926
víctima,1717,1927
tendrán,1718,1928
estúpida,1719,1929
envió,1720,1930
encantado,1721,1931
diario,1722,1933
abran,1723,1934
sentí,1724,1935
autobús,1725,1936
traído,1726,1937
casas,1727,1938
apúrate,1728,1940
encuentras,1729,1941
descanso,1730,1942
sheriff,1731,1944
mueve,1732,1945
inglaterra,1733,1946
quieto,1734,1947
matarte,1735,1948
calles,1736,1949
tamaño,1737,1951
colegio,1738,1952
usando,1739,1953
cabo,1740,1954
video,1741,1955
toques,1742,1956
pelota,1743,1958
yendo,1744,1959
directo,1745,1960
termine,1746,1961
vivos,1747,1962
sombrero,1748,1963
tomé,1749,1964
estudio,1750,1965
grave,1751,1967
grave,5134,1967
protección,1752,1968
secretos,1753,1969
perdiendo,1754,1970
pecho,1755,1971
sepas,1756,1972
enferma,1757,1973
cuesta,1758,1974
negros,1759,1976
estrellas,1760,1977
lago,1761,1979
clases,1762,1980
obviamente,1763,1981
inmediato,1764,1982
modos,1765,1983
irás,1766,1984
robo,1767,1985
mataré,1768,1987
seria,1769,1988
apoyo,1770,1989
cerrar,1771,1991
cerrar,4879,1991
imagino,1772,1992
amenaza,1773,1993
amenaza,5100,1993
toque,1774,1995
saca,1775,1997
viernes,1776,1998
hayan,1777,1999
roto,1778,2000
piloto,1779,2002
marca,1780,2003
combate,1781,2005
hablé,1782,2007
manejar,1783,2008
sección,1784,2009
profundo,1785,2010
tantos,1786,2011
conocía,1787,2012
serie,1788,2013
contrato,1789,2014
contrato,5118,2014
americano,1790,2016
paseo,1791,2017
aviones,1792,2019
balas,1793,2020
repente,1794,2021
cambia,1795,2022
tropas,1796,2023
llevará,1797,2024
uso,1798,2025
pudiste,1799,2027
detener,1800,2028
sabia,1801,2029
llegué,1802,2030
negra,1803,2031
decidido,1804,2032
comienza,1805,2034
distancia,1806,2035
éramos,1807,2036
murieron,1808,2037
averiguar,1809,2038
actuar,1810,2039
quedo,1811,2040
pulso,1812,2041
aguanta,1813,2043
oficiales,1814,2044
oficiales,4861,2044
llamaba,1815,2045
enemigos,1816,2046
saldrá,1817,2047
preocupado,1818,2048
elección,1819,2050
sobrevivir,1820,2051
bordo,1821,2052
sujeto,1822,2053
pacientes,1823,2054
disculpen,1824,2055
época,1825,2056
entró,1826,2057
entró,5145,2057
pesar,1827,2058
habló,1828,2059
vender,1829,2060
piensan,1830,2061
ex,1831,2062
gratis,1832,2063
desapareció,1833,2064
empleo,1834,2065
empleo,4915,2065
llamé,1835,2067
conocen,1836,2068
cerdo,1837,2069
puedan,1838,2070
comprendo,1839,2071
tomo,1840,2072
termina,1841,2073
aléjate,1842,2074
busco,1843,2075
contento,1844,2076
date,1845,2077
tumba,1846,2078
huellas,1847,2080
cuerpos,1848,2081
absoluto,1849,2082
pide,1850,2083
dura,1851,2084
descansar,1852,2086
respuestas,1853,2087
propiedad,1854,2088
llamando,1855,2089
dormido,1856,2090
castillo,1857,2091
china,1858,2092
datos,1859,2094
torre,1860,2095
robar,1861,2096
americanos,1862,2097
malos,1863,2098
botella,1864,2099
aquellos,1865,2100
últimamente,1866,2101
testigo,1867,2102
presento,1868,2103
periódico,1869,2104
juez,1870,2105
historias,1871,2106
gustaba,1872,2107
créeme,1873,2108
necesitar,1874,2109
esquina,1875,2110
millas,1876,2111
llamadas,1877,2112
fuente,1878,2114
conocemos,1879,2115
techo,1880,2116
genio,1881,2118
alerta,1882,2119
ideas,1883,2120
tomas,1884,2121
olvidar,1885,2123
olvidar,4893,2123
menor,1886,2124
droga,1887,2125
explicar,1888,2126
abierta,1889,2127
abierta,4862,2127
privado,1890,2129
miembros,1891,2131
miembros,4906,2131
nacional,1892,2132
gustó,1893,2133
discutir,1894,2134
evidencia,1895,2135
detalles,1896,2136
tardes,1897,2137
tomaré,1898,2139
presente,1899,2140
criminal,1900,2142
premio,1901,2143
vuelvas,1902,2144
siéntese,1903,2145
viniste,1904,2146
recibir,1905,2147
mires,1906,2148
teniendo,1907,2149
huele,1908,2150
hables,1909,2151
guardias,1910,2152
enamorado,1911,2153
cuidar,1912,2155
pocos,1913,2156
perdone,1914,2157
natural,1915,2158
caballos,1916,2159
escucho,1917,2160
enfermera,1918,2161
sospechoso,1920,2163
local,1921,2164
mentiras,1922,2165
camisa,1923,2166
confía,1924,2167
aceptar,1925,2168
aceptar,4836,2168
perdimos,1927,2170
cuantos,1928,2171
parque,1929,2172
juegos,1930,2173
vives,1931,2174
varias,1932,2175
harías,1933,2176
menudo,1934,2177
déjenme,1935,2178
barrio,1936,2179
virus,1937,2180
talento,1938,2181
ministro,1939,2182
hiciera,1940,2183
robó,1941,2184
conocerte,1942,2185
viviendo,1943,2186
responsabilidad,1944,2187
responsabilidad,5144,2187
respira,1945,2188
números,1946,2189
pertenece,1947,2190
pertenece,5208,2190
desayuno,1948,2191
campeón,1949,2193
controlar,1950,2194
maría,1951,2195
nieve,1952,2197
méxico,1953,2198
dias,1954,2199
vergüenza,1955,2200
doctora,1956,2201
blancos,1957,2202
fumar,1958,2203
llevamos,1959,2204
Europa,1960,2205
dudo,1961,2206
pastel,1962,2207
quedas,1963,2208
cae,1964,2209
vimos,1965,2210
recibido,1966,2211
andando,1967,2212
agentes,1968,2213
fueras,1969,2214
asustado,1970,2216
perdóname,1971,2218
reino,1972,2219
clave,1973,2221
papeles,1974,2222
matando,1975,2223
efecto,1976,2224
plata,1977,2225
olvidé,1978,2226
iban,1979,2227
universo,1980,2228
política,1981,2229
almuerzo,1982,2230
magia,1983,2232
humor,1985,2234
autos,1986,2235
veía,1987,2236
tantas,1988,2237
respirar,1989,2238
cantar,1990,2239
trabajas,1991,2240
disparo,1992,2241
conversación,1993,2242
olor,1994,2243
olor,5038,2243
asesinos,1995,2244
muchacha,1996,2245
modelo,1997,2246
curso,1998,2247
canal,1999,2248
rock,2000,2249
llorar,2001,2250
borracho,2002,2251
regresen,2003,2252
váyanse,2004,2253
sentía,2005,2254
resultado,2006,2255
parado,2007,2257
olvides,2008,2259
mirada,2009,2260
inútil,2010,2262
acabas,2011,2263
ciencia,2012,2264
perdiste,2013,2265
sociedad,2014,2266
regrese,2015,2267
camioneta,2016,2268
coño,2017,2269
revista,2018,2270
pareció,2019,2271
maravillosa,2021,2273
dejarlo,2022,2274
máximo,2023,2275
echar,2024,2276
corriente,2025,2277
escuchando,2026,2278
disculpas,2027,2279
cadáver,2028,2281
seguimos,2029,2282
ron,2030,2283
espectáculo,2031,2285
espectáculo,4968,2285
mundial,2032,2286
francia,2033,2287
decirles,2034,2288
aspecto,2035,2289
presencia,2036,2290
famoso,2037,2291
corto,2038,2292
relájate,2039,2294
poderoso,2040,2295
recuerdos,2041,2296
llego,2042,2297
carretera,2043,2298
pasé,2044,2299
oigo,2045,2300
esperamos,2046,2301
escuchado,2047,2302
cable,2048,2303
rosa,2049,2304
bola,2050,2305
oferta,2051,2306
intentarlo,2052,2307
habido,2053,2308
continuar,2054,2309
ladrón,2055,2310
humanidad,2056,2311
estómago,2057,2312
entera,2058,2313
contó,2059,2314
poniendo,2060,2315
mercado,2061,2316
granja,2062,2317
idiotas,2063,2318
hablemos,2064,2319
estudiante,2065,2320
siglo,2066,2321
relaciones,2067,2322
hablan,2068,2323
nosotras,2069,2324
miembro,2070,2325
fortuna,2071,2326
libres,2072,2327
acciones,2073,2328
acciones,4874,2328
esperas,2074,2329
suficientemente,2075,2331
llevaron,2076,2332
ocurrido,2077,2333
andar,2078,2334
perfectamente,2079,2335
pasan,2080,2336
jardín,2081,2337
cola,2082,2338
resultados,2083,2340
francés,2084,2341
troya,2085,2342
tercera,2086,2343
entrenamiento,2087,2344
metido,2089,2346
ayudarlo,2090,2347
diles,2091,2348
coger,2092,2349
lunes,2093,2350
ey,2094,2351
volviendo,2096,2353
efectivo,2097,2354
salgamos,2098,2355
preguntaba,2099,2356
olvida,2100,2357
helicóptero,2101,2358
fuertes,2102,2359
encantador,2103,2360
original,2104,2361
cadena,2105,2362
tarea,2106,2363
tarea,5244,2363
dispara,2107,2364
corta,2108,2365
compañeros,2109,2367
compañeros,4882,2367
cirugía,2110,2368
quítate,2111,2369
querían,2112,2370
precioso,2113,2371
lord,2114,2372
comenzó,2115,2373
truco,2116,2374
inspector,2117,2375
enojado,2118,2376
felicidades,2119,2378
desaparecido,2120,2379
acto,2121,2381
pollo,2122,2382
chocolate,2123,2383
adonde,2124,2384
resulta,2125,2385
merece,2126,2386
gas,2127,2387
examen,2128,2388
vean,2129,2389
tonta,2130,2390
importantes,2131,2391
apuesta,2132,2392
apuesta,4807,2392
directamente,2133,2394
recuperar,2134,2395
pongo,2135,2396
llegaron,2136,2397
cobarde,2137,2398
cantidad,2138,2399
sucio,2139,2400
habia,2140,2401
emperador,2141,2402
mono,2142,2403
encontraremos,2143,2404
disparen,2144,2405
gloria,2145,2406
contrario,2146,2407
socorro,2147,2408
sir,2148,2410
escaleras,2149,2411
pasos,2150,2412
nuevamente,2151,2413
derechos,2152,2414
obtener,2153,2415
guste,2154,2416
búsqueda,2155,2417
búsqueda,5010,2417
helado,2156,2418
fútbol,2157,2420
fútbol,4834,2420
sexual,2158,2421
polvo,2159,2422
aseguro,2160,2423
rostro,2161,2424
robado,2162,2425
policia,2163,2427
empresa,2164,2428
escuchas,2165,2429
pones,2166,2430
lárgate,2167,2431
interés,2168,2432
interés,4948,2432
discúlpeme,2169,2433
dejaron,2170,2434
tengamos,2171,2435
firma,2172,2436
llevaba,2173,2438
llegas,2174,2439
cristo,2175,2440
tercer,2176,2441
senador,2177,2442
continúa,2178,2443
gracia,2179,2444
cien,2180,2445
des,2181,2446
tratado,2182,2447
tratado,5085,2447
razones,2183,2449
caminando,2184,2450
urgencias,2185,2451
u,2186,2452
esperan,2187,2453
muñeca,2188,2454
firme,2189,2455
duerme,2190,2457
ambulancia,2191,2458
limpia,2192,2459
habéis,2193,2461
flota,2194,2462
leyenda,2195,2464
encuentre,2196,2465
fué,2197,2466
romper,2198,2468
muriendo,2199,2469
encontrarlo,2200,2470
rescate,2201,2471
quedado,2202,2473
enfrente,2203,2474
comienzo,2204,2475
árboles,2205,2477
queso,2206,2478
favorito,2207,2479
haberme,2208,2480
frontera,2209,2481
creemos,2210,2482
colega,2211,2483
jueves,2212,2484
alemanes,2213,2485
sábado,2214,2486
limpiar,2215,2487
puto,2216,2488
poquito,2217,2489
cientos,2218,2490
muero,2219,2491
irak,2220,2492
inteligencia,2221,2493
funcionar,2222,2494
felicitaciones,2223,2495
escapó,2224,2496
criatura,2225,2497
milagro,2226,2498
deprisa,2227,2499
especiales,2228,2500
campamento,2229,2501
campamento,2500,2501
responde,2230,2502
responde,2501,2502
responde,4925,2502
escuchaste,2231,2503
escuchaste,2502,2503
debiste,2232,2504
debiste,2503,2504
adios,2233,2505
adios,2504,2505
viven,2234,2506
viven,2505,2506
recoger,2235,2507
recoger,2506,2507
preguntarte,2236,2508
preguntarte,2507,2508
compras,2237,2509
compras,2508,2509
cansada,2238,2511
cansada,2510,2511
elegir,2239,2513
elegir,2512,2513
cáncer,2240,2514
cáncer,2513,2514
servir,2241,2515
servir,2514,2515
pata,2242,2516
pata,2515,2516
huir,2243,2517
huir,2516,2517
útil,2244,2518
útil,2517,2518
grados,2245,2519
grados,2518,2519
atacar,2246,2520
atacar,2519,2520
recién,2247,2521
recién,2520,2521
querría,2248,2522
querría,2521,2522
guapo,2249,2523
guapo,2522,2523
alcance,2250,2524
alcance,2523,2524
dejame,2251,2526
dejame,2525,2526
quedamos,2252,2527
quedamos,2526,2527
llegará,2253,2528
llegará,2527,2528
seremos,2254,2529
seremos,2528,2529
desierto,2255,2530
desierto,2529,2530
licencia,2256,2531
licencia,2530,2531
licencia,4833,2531
trató,2257,2532
trató,2531,2532
proceso,2258,2533
proceso,2532,2533
llevado,2259,2535
llevado,2534,2535
llevado,5131,2535
durmiendo,2260,2536
durmiendo,2535,2536
tensión,2261,2537
tensión,2536,2537
martes,2262,2538
martes,2537,2538
kilómetros,2263,2539
kilómetros,2538,2539
cartera,2264,2540
cartera,2539,2540
tráfico,2265,2541
tráfico,2540,2541
guarda,2266,2542
guarda,2541,2542
impresionante,2267,2543
impresionante,2542,2543
víctimas,2268,2544
víctimas,2543,2544
ricos,2269,2545
ricos,2544,2545
primeros,2270,2546
primeros,2545,2546
dejamos,2271,2547
dejamos,2546,2547
tomen,2272,2548
tomen,2547,2548
iguales,2273,2549
iguales,2548,2549
domingo,2274,2550
domingo,2549,2550
crear,2275,2551
crear,2550,2551
quedará,2276,2552
quedará,2551,2552
pérdida,2277,2553
pérdida,2552,2553
extra,2278,2554
extra,2553,2554
fuese,2279,2555
fuese,2554,2555
confío,2280,2557
confío,2556,2557
sabido,2281,2558
sabido,2557,2558
análisis,2282,2559
análisis,2558,2559
llegaste,2283,2560
llegaste,2559,2560
fría,2284,2561
fría,2560,2561
violencia,2285,2563
violencia,2562,2563
violencia,4934,2563
mate,2286,2564
mate,2563,2564
lobo,2287,2566
lobo,2565,2566
discurso,2288,2567
discurso,2566,2567
discurso,5112,2567
actor,2289,2568
actor,2567,2568
orgullo,2290,2569
orgullo,2568,2569
odia,2291,2570
odia,2569,2570
libras,2292,2571
libras,2570,2571
alli,2293,2573
alli,2572,2573
vuelvan,2295,2575
vuelvan,2574,2575
necesidad,2296,2576
necesidad,2575,2576
naves,2297,2577
naves,2576,2577
descubrir,2298,2578
descubrir,2577,2578
tira,2299,2579
tira,2578,2579
resolver,2300,2581
resolver,2580,2581
resolver,5070,2581
pondré,2301,2582
pondré,2581,2582
volando,2302,2583
volando,2582,2583
pensamos,2303,2584
pensamos,2583,2584
míos,2304,2585
míos,2584,2585
errores,2305,2586
errores,2585,2586
celular,2306,2587
celular,2586,2587
cuantas,2307,2588
cuantas,2587,2588
verlos,2308,2589
verlos,2588,2589
ayudarle,2309,2590
ayudarle,2589,2590
meter,2310,2591
meter,2590,2591
hablaré,2311,2592
hablaré,2591,2592
ésto,2312,2593
ésto,2592,2593
buscas,2313,2594
buscas,2593,2594
equivocada,2314,2595
equivocada,2594,2595
dejan,2315,2597
dejan,2596,2597
vacío,2316,2598
vacío,2597,2598
trabajaba,2317,2599
trabajaba,2598,2599
salón,2318,2600
salón,2599,2600
motor,2319,2601
motor,2600,2601
conducir,2320,2602
conducir,2601,2602
compré,2321,2603
compré,2602,2603
quizas,2322,2604
quizas,2603,2604
den,2323,2605
den,2604,2605
cerrada,2324,2606
cerrada,2605,2606
cortar,2325,2608
cortar,2607,2608
crea,2326,2609
crea,2608,2609
sera,2327,2610
sera,2609,2610
mueva,2328,2611
mueva,2610,2611
hazme,2329,2612
hazme,2611,2612
bravo,2330,2613
bravo,2612,2613
pregunté,2331,2614
pregunté,2613,2614
espejo,2333,2616
espejo,2615,2616
dígale,2334,2617
dígale,2616,2617
médicos,2336,2620
médicos,2619,2620
cero,2337,2621
cero,2620,2621
escribió,2338,2622
escribió,2621,2622
volveremos,2339,2623
volveremos,2622,2623
unidades,2340,2624
unidades,2623,2624
cheque,2341,2625
cheque,2624,2625
consigue,2342,2626
consigue,2625,2626
antiguo,2343,2627
antiguo,2626,2627
regla,2344,2628
regla,2627,2628
pesadilla,2345,2629
pesadilla,2628,2629
enviar,2346,2630
enviar,2629,2630
podías,2347,2631
podías,2630,2631
llevarte,2348,2632
llevarte,2631,2632
entrenador,2349,2633
entrenador,2632,2633
cuida,2350,2634
cuida,2633,2634
paciencia,2351,2635
paciencia,2634,2635
dilo,2352,2636
dilo,2635,2636
levanta,2353,2637
levanta,2636,2637
complicado,2354,2638
complicado,2637,2638
superior,2355,2640
superior,2639,2640
superior,5125,2640
sugiero,2356,2641
sugiero,2640,2641
familias,2357,2642
familias,2641,2642
dirá,2358,2643
dirá,2642,2643
pienses,2359,2644
pienses,2643,2644
temporada,2360,2645
temporada,2644,2645
suelta,2361,2646
suelta,2645,2646
corran,2362,2648
corran,2647,2648
propios,2363,2649
propios,2648,2649
feo,2364,2650
feo,2649,2650
dispuesto,2365,2651
dispuesto,2650,2651
ayúdenme,2366,2653
ayúdenme,2652,2653
teoría,2367,2654
teoría,2653,2654
salvaje,2368,2655
salvaje,2654,2655
salvaje,4812,2655
negativo,2369,2656
negativo,2655,2656
íbamos,2370,2657
íbamos,2656,2657
hubieran,2371,2658
hubieran,2657,2658
tripulación,2372,2659
tripulación,2658,2659
taza,2373,2660
taza,2659,2660
perdida,2374,2661
perdida,2660,2661
vinieron,2375,2663
vinieron,2662,2663
ponen,2376,2664
ponen,2663,2664
pasamos,2377,2665
pasamos,2664,2665
parecido,2378,2666
parecido,2665,2666
acepto,2379,2668
acepto,2667,2668
gay,2380,2669
gay,2668,2669
señoras,2381,2670
señoras,2669,2670
quedaré,2382,2671
quedaré,2670,2671
parada,2383,2672
parada,2671,2672
niñas,2384,2674
niñas,2673,2674
conseguí,2385,2675
conseguí,2674,2675
acabamos,2386,2676
acabamos,2675,2676
normalmente,2387,2677
normalmente,2676,2677
muchísimo,2388,2678
muchísimo,2677,2678
bruja,2389,2680
bruja,2679,2680
vegas,2390,2681
vegas,2680,2681
tuvieron,2391,2682
tuvieron,2681,2682
traigo,2392,2683
traigo,2682,2683
matará,2393,2684
matará,2683,2684
funeral,2394,2685
funeral,2684,2685
conseguiste,2395,2686
conseguiste,2685,2686
teatro,2396,2687
teatro,2686,2687
medianoche,2397,2688
medianoche,2687,2688
biblioteca,2398,2689
biblioteca,2688,2689
estemos,2399,2690
estemos,2689,2690
túnel,2400,2691
túnel,2690,2691
encargo,2401,2692
encargo,2691,2692
aparece,2402,2694
aparece,2693,2694
aparece,4912,2694
testigos,2403,2695
testigos,2694,2695
pensó,2404,2696
pensó,2695,2696
fueran,2405,2697
fueran,2696,2697
fantasmas,2406,2699
fantasmas,2698,2699
correo,2407,2700
correo,2699,2700
vuestro,2408,2701
vuestro,2700,2701
piscina,2409,2702
piscina,2701,2702
paquete,2410,2703
paquete,2702,2703
copia,2411,2704
copia,2703,2704
suicidio,2412,2706
suicidio,2705,2706
crédito,2413,2707
crédito,2706,2707
consigo,2414,2708
consigo,2707,2708
vuestra,2415,2709
vuestra,2708,2709
rara,2416,2710
rara,2709,2710
legal,2417,2711
legal,2710,2711
hablaremos,2418,2712
hablaremos,2711,2712
cambió,2419,2713
cambió,2712,2713
solas,2420,2714
solas,2713,2714
salimos,2421,2715
salimos,2714,2715
ganador,2422,2716
ganador,2715,2716
estudiantes,2423,2717
estudiantes,2716,2717
despierto,2424,2718
despierto,2717,2718
pare,2425,2720
pare,2719,2720
invitado,2426,2721
invitado,2720,2721
guía,2427,2723
guía,2722,2723
oso,2428,2724
oso,2723,2724
leí,2429,2726
leí,2725,2726
explosión,2430,2727
explosión,2726,2727
dejarme,2431,2728
dejarme,2727,2728
chino,2432,2729
chino,2728,2729
sorprende,2433,2730
sorprende,2729,2730
sistemas,2434,2731
sistemas,2730,2731
nación,2435,2732
nación,2731,2732
entienden,2436,2733
entienden,2732,2733
arena,2437,2734
arena,2733,2734
mentiroso,2438,2735
mentiroso,2734,2735
hablaba,2439,2736
hablaba,2735,2736
veas,2440,2737
veas,2736,2737
pura,2441,2738
pura,2737,2738
asesinado,2442,2739
asesinado,2738,2739
asesinado,5107,2739
mintiendo,2443,2741
mintiendo,2740,2741
casos,2444,2742
casos,2741,2742
vehículo,2445,2743
vehículo,2742,2743
vehículo,5026,2743
rata,2446,2744
rata,2743,2744
importancia,2447,2745
importancia,2744,2745
importancia,4962,2745
distinto,2448,2746
distinto,2745,2746
pintura,2449,2747
pintura,2746,2747
intenté,2450,2748
intenté,2747,2748
conciencia,2451,2749
conciencia,2748,2749
miras,2452,2750
miras,2749,2750
máquinas,2453,2751
máquinas,2750,2751
traeré,2454,2752
traeré,2751,2752
revisar,2455,2753
revisar,2752,2753
veinte,2456,2754
veinte,2753,2754
seres,2457,2755
seres,2754,2755
seres,4972,2755
hablarle,2458,2756
hablarle,2755,2756
disco,2459,2757
disco,2756,2757
transporte,2460,2759
transporte,2758,2759
mina,2461,2761
mina,2760,2761
labios,2462,2762
labios,2761,2762
señoría,2463,2763
señoría,2762,2763
llamamos,2464,2764
llamamos,2763,2764
doce,2465,2765
doce,2764,2765
cuídate,2466,2766
cuídate,2765,2766
pasillo,2467,2767
pasillo,2766,2767
tele,2468,2768
tele,2767,2768
podria,2469,2770
podria,2769,2770
completa,2470,2771
completa,2770,2771
rápida,2471,2773
rápida,2772,2773
precisamente,2472,2774
precisamente,2773,2774
precisamente,4889,2774
llamaste,2473,2775
llamaste,2774,2775
cumplir,2474,2776
cumplir,2775,2776
cumplir,4831,2776
servicios,2475,2777
servicios,2776,2777
señales,2476,2778
señales,2777,2778
acaban,2477,2779
acaban,2778,2779
suéltame,2478,2780
suéltame,2779,2780
hablarte,2479,2781
hablarte,2780,2781
traté,2480,2782
traté,2781,2782
pescado,2481,2783
pescado,2782,2783
huesos,2482,2785
huesos,2784,2785
daría,2483,2786
daría,2785,2786
compra,2484,2787
compra,2786,2787
compra,4953,2787
trajiste,2485,2789
trajiste,2788,2789
templo,2486,2790
templo,2789,2790
placa,2487,2791
placa,2790,2791
posibilidades,2488,2792
posibilidades,2791,2792
ira,2489,2793
ira,2792,2793
vengas,2490,2794
vengas,2793,2794
siguiendo,2491,2795
siguiendo,2794,2795
podrán,2492,2796
podrán,2795,2796
llamarme,2493,2797
llamarme,2796,2797
cierta,2494,2798
cierta,2797,2798
permitir,2495,2799
permitir,2798,2799
permitir,5115,2799
condiciones,2496,2800
condiciones,2799,2800
atrapar,2497,2801
atrapar,2800,2801
temperatura,2498,2802
temperatura,2801,2802
explicación,2499,2803
explicación,2802,2803
enviado,2500,2804
enviado,2803,2804
contado,2805,2806
asistente,2807,2808
imperio,2808,2809
pidiendo,2809,2810
notas,2810,2811
curioso,2812,2813
operaciones,2813,2814
operaciones,4940,2814
mantén,2814,2815
tierras,2815,2816
creas,2816,2817
pez,2817,2818
morirá,2818,2819
visión,2819,2820
montañas,2820,2821
comido,2821,2822
construir,2823,2824
comunidad,2824,2825
verán,2825,2826
pierde,2826,2827
piense,2827,2828
felicidad,2828,2829
diversión,2829,2830
salvó,2830,2831
quita,2831,2832
museo,2832,2833
disparó,2833,2834
desearía,2834,2835
buscamos,2836,2837
aviso,2837,2838
almirante,2839,2840
solución,2840,2841
solución,4865,2841
pequeñas,2841,2842
faltan,2842,2843
existen,2843,2844
combustible,2844,2845
leído,2845,2846
tirar,2846,2847
responder,2847,2848
esfuerzo,2848,2849
vuelves,2850,2851
pájaro,2851,2852
hermanas,2852,2853
guerrero,2853,2854
esposas,2854,2855
coma,2856,2857
abra,2858,2859
traes,2860,2861
sientas,2861,2862
olvide,2863,2864
bolsillo,2864,2865
heridas,2865,2866
saco,2867,2868
gasolina,2869,2870
conexión,2870,2871
correcta,2871,2872
pedazos,2872,2873
líneas,2873,2874
estarías,2874,2875
convierte,2875,2876
ayudará,2876,2877
rumbo,2877,2878
rompió,2878,2879
muera,2879,2880
mia,2880,2881
material,2882,2883
diamantes,2883,2884
mírate,2885,2886
fecha,2886,2887
escritorio,2887,2888
digan,2888,2889
registro,2889,2890
maten,2891,2892
incendio,2892,2893
deme,2893,2894
sois,2894,2895
pensamientos,2895,2896
dímelo,2896,2897
comiendo,2897,2898
aparte,2898,2899
asesinatos,2899,2900
lección,2900,2901
algun,2901,2902
abrigo,2902,2903
tratamiento,2903,2904
tratamiento,5214,2904
julio,2904,2905
conejo,2905,2907
suceder,2906,2908
ruta,2907,2909
ciego,2908,2910
asqueroso,2909,2911
súper,2910,2912
prisionero,2911,2913
odie,2912,2914
ocupada,2913,2915
ocupada,2914,2915
llevarlo,2915,2917
empezamos,2916,2918
estuvimos,2917,2919
decírselo,2918,2920
honesto,2919,2921
entrevista,2920,2922
entrevista,4826,2922
antigua,2921,2923
amante,2922,2924
humo,2923,2925
gustas,2924,2926
condado,2925,2927
conseguido,2926,2928
conseguido,2927,2928
conseguido,5042,2928
viajar,2928,2930
sombra,2929,2931
sabrá,2930,2932
refiere,2931,2933
refiere,5190,2933
lío,2932,2934
estáis,2933,2935
entrega,2934,2936
entrega,2935,2936
drácula,2936,2938
compartir,2937,2939
compartir,5035,2939
volvamos,2938,2940
sonrisa,2939,2941
sencillo,2940,2942
atrapado,2941,2943
atrapado,2942,2943
aburrido,2943,2945
aburrido,2944,2945
pocas,2945,2947
pensaste,2946,2948
dragón,2947,2949
volví,2948,2950
planta,2949,2951
planta,2950,2951
clima,2951,2953
adoro,2952,2954
suave,2953,2955
ruso,2954,2956
rodillas,2955,2957
marina,2956,2958
marina,2957,2958
bolso,2958,2960
alarma,2959,2961
alarma,2960,2961
vivía,2961,2963
quédese,2962,2964
recompensa,2963,2965
recompensa,2964,2965
juega,2965,2967
cigarrillo,2966,2968
autoridad,2967,2969
autoridad,5071,2969
amigas,2968,2970
agujero,2969,2971
acabe,2970,2972
sacaste,2971,2973
orgullosa,2972,2974
entendí,2973,2975
dijera,2974,2976
sótano,2975,2977
paredes,2976,2978
guapa,2977,2979
iría,2978,2980
imaginar,2979,2981
fiebre,2980,2982
déjala,2981,2983
botón,2982,2984
preguntarle,2983,2985
leyendo,2984,2986
darles,2985,2987
uniforme,2986,2988
dulces,2987,2989
vaso,2988,2990
documentos,2989,2991
ruego,2990,2992
maneras,2991,2993
invitados,2992,2994
invitados,2993,2994
cómodo,2994,2996
ayudarnos,2995,2997
visitar,2996,2998
visitar,5151,2998
nadar,2998,3000
regresaré,3000,3369
ejercicio,3001,3370
ejercicio,4982,3370
pasaporte,3002,3371
extraños,3003,3372
ciento,3004,3373
afortunado,3005,3374
sacó,3006,3375
irán,3007,3376
sacerdote,3008,3377
pedirle,3009,3378
crisis,3011,3381
aventura,3012,3382
puestos,3013,3383
pánico,3014,3385
llames,3015,3386
ladrones,3016,3387
enseñó,3017,3388
logramos,3018,3389
estuvieron,3019,3390
últimas,3020,3391
página,3021,3392
metro,3022,3393
pudieron,3024,3395
mostrar,3025,3396
escribe,3026,3397
ventaja,3027,3398
enamorada,3028,3399
gorda,3029,3401
vendrán,3030,3402
paren,3031,3403
piedras,3032,3404
pesado,3033,3405
despertar,3034,3407
pierdes,3035,3408
damos,3037,3410
treinta,3038,3411
recuerde,3039,3412
capacidad,3040,3413
soportar,3041,3414
senado,3042,3415
decidió,3043,3416
prepárense,3044,3417
asusta,3045,3418
aquello,3046,3419
aguantar,3047,3420
aprendí,3048,3421
tenéis,3049,3422
parezca,3050,3423
alegría,3051,3424
territorio,3052,3425
física,3053,3426
escape,3054,3428
tomes,3055,3430
excusa,3056,3431
estudios,3057,3433
septiembre,3058,3434
personaje,3059,3435
fábrica,3060,3436
elegido,3061,3437
elegido,4964,3437
cole,3062,3439
tanque,3063,3441
salta,3064,3442
hablaste,3065,3443
conferencia,3066,3444
compromiso,3067,3445
compromiso,5004,3445
ayudaré,3068,3446
salieron,3069,3447
rusos,3070,3448
parezco,3071,3449
llevando,3072,3450
exterior,3073,3451
punta,3074,3452
ponerse,3075,3453
pasen,3076,3454
puerto,3077,3455
decírtelo,3078,3456
caro,3079,3457
asombroso,3080,3458
pasara,3081,3459
matarán,3082,3460
maleta,3083,3461
competencia,3084,3462
canciones,3085,3463
cinturón,3086,3464
papas,3087,3465
marco,3088,3466
destrucción,3089,3468
paraíso,3090,3469
meta,3091,3470
alternativa,3092,3472
socios,3093,3474
alas,3094,3475
ocasión,3095,3476
casarme,3096,3477
salsa,3097,3478
romano,3098,3479
prisioneros,3099,3480
encantan,3100,3481
encantadora,3101,3482
comercial,3102,3483
comercial,4929,3483
primavera,3103,3484
metió,3104,3485
volvemos,3105,3486
mandar,3106,3487
luce,3107,3488
sagrado,3108,3489
nacido,3109,3490
fabuloso,3110,3492
desaparecer,3112,3494
potencia,3113,3495
adn,3114,3496
traiga,3115,3497
permítame,3116,3498
mayores,3117,3499
regalos,3118,3500
pusiste,3119,3501
peligrosa,3120,3502
militares,3121,3503
jodida,3122,3504
coincidencia,3123,3506
bandera,3124,3507
adivinar,3125,3508
tubo,3126,3509
partida,3127,3510
opciones,3128,3513
llamaron,3129,3514
hombro,3130,3515
vampiros,3131,3516
sabían,3132,3517
recibió,3133,3518
jugadores,3134,3519
jugadores,4916,3519
celebrar,3135,3520
celebrar,4939,3520
armario,3136,3521
tetas,3137,3522
paliza,3138,3523
sabor,3139,3524
míralo,3140,3525
lata,3141,3526
héroes,3142,3527
serpiente,3143,3528
escribí,3144,3529
comité,3145,3530
comité,5045,3530
bendiga,3146,3531
terminé,3147,3532
oyó,3148,3533
imaginación,3149,3534
funcionó,3150,3535
bello,3151,3536
hígado,3152,3537
cierre,3153,3538
cierre,5147,3538
cabina,3154,3540
queríamos,3155,3541
pasas,3156,3542
mantente,3157,3544
japón,3158,3545
deseos,3159,3546
deseos,5201,3546
cuéntame,3160,3547
rastro,3161,3548
compró,3162,3549
anterior,3163,3550
acero,3164,3551
desnudo,3165,3552
comisario,3166,3554
refuerzos,3167,3555
preparar,3168,3556
preparar,5150,3556
perdidos,3169,3557
pagaré,3170,3559
huevo,3171,3560
entrando,3172,3561
armada,3173,3562
trate,3174,3565
supo,3175,3566
bromeas,3176,3567
verdaderamente,3177,3568
miro,3178,3569
límite,3179,3570
esperemos,3180,3571
sacado,3181,3572
diamante,3182,3574
secuestro,3183,3575
casco,3184,3577
ayudó,3185,3579
nene,3186,3580
marcas,3187,3581
pudieras,3188,3583
poca,3189,3584
jugo,3190,3585
heridos,3191,3586
congreso,3192,3588
cementerio,3193,3589
prostituta,3194,3590
desaparece,3195,3591
terreno,3197,3593
salvado,3198,3594
mueren,3199,3596
igualmente,3200,3597
ganamos,3201,3598
circunstancias,3202,3599
trabajamos,3203,3600
amén,3204,3601
funcionando,3205,3602
personalidad,3206,3603
contestar,3208,3605
razon,3209,3606
peores,3210,3607
particular,3211,3608
llévame,3212,3609
gimnasio,3213,3610
emocionante,3214,3611
desgracia,3215,3612
científico,3216,3613
buscado,3217,3614
terapia,3218,3615
prepara,3219,3616
patrulla,3220,3617
globo,3221,3618
despejado,3222,3619
creado,3223,3621
aprendido,3224,3623
nací,3225,3624
embajador,3226,3625
barcos,3227,3626
posiblemente,3228,3627
malvado,3229,3628
dormitorio,3230,3629
despacho,3231,3630
desagradable,3232,3632
viniendo,3233,3633
recibo,3234,3634
nuclear,3235,3636
mensajes,3236,3637
mantengan,3237,3638
ultimo,3238,3639
autoridades,3239,3640
quedes,3240,3641
pasaron,3241,3642
gano,3242,3643
ayudo,3243,3644
aprecio,3244,3645
sentimiento,3245,3647
popular,3246,3648
extrañas,3247,3649
detenerlo,3248,3650
civiles,3249,3651
tontería,3250,3652
reyes,3251,3653
americana,3252,3654
vuelven,3253,3655
ventanas,3254,3656
tiburón,3255,3657
peleas,3256,3658
organización,3257,3660
ayudarla,3258,3661
tuvieras,3259,3662
querrás,3260,3663
querrá,3261,3664
infección,3262,3665
decente,3263,3666
logrado,3264,3667
logrado,5028,3667
jersey,3265,3669
amar,3266,3670
equipos,3267,3671
equipos,4996,3671
canta,3268,3672
bebés,3269,3673
pozo,3270,3674
india,3271,3675
esperado,3272,3678
enseñar,3273,3680
darnos,3274,3681
tomaste,3275,3682
internet,3276,3683
habilidades,3277,3684
encanto,3278,3685
dispararon,3279,3687
comprendes,3280,3688
áfrica,3281,3689
adorable,3282,3690
rica,3283,3691
llegaremos,3284,3692
reales,3285,3693
mismas,3286,3694
medios,3287,3695
marihuana,3288,3696
traidor,3289,3697
funcione,3290,3698
clínica,3291,3699
preferiría,3292,3701
podían,3293,3702
olvidó,3294,3703
entramos,3295,3704
ejercito,3296,3705
división,3297,3707
sector,3298,3708
perdedor,3299,3709
patrón,3300,3710
encontrará,3301,3711
crema,3302,3712
planeado,3303,3713
mantenga,3304,3715
juguete,3305,3716
técnica,3306,3717
nacimiento,3307,3718
esperaré,3308,3719
termino,3309,3720
matas,3310,3721
entrado,3311,3722
destruido,3312,3723
daremos,3313,3725
circo,3314,3726
ascensor,3315,3727
aca,3316,3728
investigar,3317,3729
encuentren,3318,3730
archivo,3319,3731
salve,3320,3732
presentar,3321,3733
presentar,4975,3733
logro,3322,3734
intentas,3323,3736
encargaré,3324,3737
armado,3325,3738
apuestas,3326,3740
arrestado,3327,3742
unión,3328,3744
permanecer,3329,3745
muéstrame,3330,3746
móvil,3331,3747
dificil,3332,3748
casados,3333,3749
cañón,3334,3751
tribunal,3335,3752
sepan,3336,3753
satélite,3337,3754
recuerden,3338,3755
intentaré,3339,3756
falsa,3340,3757
coca,3341,3759
símbolo,3342,3760
rocas,3343,3761
putas,3344,3762
pendejo,3345,3763
mátalo,3346,3764
judío,3347,3765
estando,3348,3766
subtítulos,3349,3767
gritando,3350,3768
dejemos,3351,3769
científicos,3352,3770
bebiendo,3353,3771
saque,3354,3772
metal,3355,3773
despedida,3356,3774
golf,3357,3777
empiece,3358,3778
defender,3359,3779
crecer,3360,3780
rota,3361,3781
sentimos,3362,3782
guerreros,3363,3783
echa,3364,3784
comunicación,3365,3785
probado,3366,3786
pensarlo,3367,3787
háblame,3368,3788
detenido,3369,3789
sabría,3370,3791
muertes,3371,3792
movimientos,3372,3793
prohibido,3373,3794
pájaros,3374,3796
cargar,3375,3797
podíamos,3376,3798
junior,3377,3799
imágenes,3378,3800
haberse,3379,3801
acusado,3380,3802
acusado,5044,3802
peleando,3381,3804
lealtad,3382,3805
considera,3383,3806
considera,5202,3806
cazador,3384,3807
buscarlo,3385,3808
apaga,3386,3809
objeto,3387,3810
sofá,3388,3811
personales,3389,3812
homicidio,3390,3813
electricidad,3391,3814
advertencia,3392,3815
rumores,3393,3816
mentir,3394,3817
fíjate,3395,3818
deuda,3396,3819
celoso,3397,3820
bicicleta,3398,3821
azules,3399,3822
visitas,3400,3823
mejorar,3401,3825
mejorar,4989,3825
escudo,3402,3826
cueva,3403,3827
aérea,3404,3828
levantar,3405,3829
juguetes,3406,3830
ciertamente,3407,3831
bajen,3408,3832
temas,3409,3833
temas,4883,3833
pedirte,3410,3834
elegante,3411,3835
divorcio,3412,3836
depósito,3413,3837
concierto,3414,3838
calla,3415,3839
transmisión,3416,3840
mataría,3417,3841
viejas,3419,3843
trabajan,3420,3844
onda,3421,3845
saldremos,3422,3846
preguntado,3423,3847
aliento,3424,3848
academia,3425,3849
sonar,3426,3850
recibe,3427,3851
patio,3428,3852
función,3429,3853
conduce,3430,3854
pregúntale,3431,3855
palo,3432,3856
internacional,3433,3857
hueso,3434,3858
esclavos,3435,3859
versión,3436,3860
sacrificio,3437,3861
judíos,3438,3862
increible,3439,3863
fotografía,3440,3864
delicioso,3441,3865
crímenes,3442,3866
zorra,3443,3867
valle,3444,3868
llevaremos,3445,3869
lentamente,3446,3870
encantada,3447,3871
arreglo,3448,3873
volvería,3449,3874
logró,3450,3875
logró,4896,3875
romántico,3451,3876
preocuparte,3452,3877
olvido,3453,3878
fascinante,3454,3880
cuadro,3455,3881
cuadro,4856,3881
creyó,3456,3882
adultos,3457,3883
wow,3458,3884
sobrino,3459,3885
secuencia,3460,3886
lleven,3461,3887
huh,3462,3888
entradas,3463,3889
decirnos,3464,3891
resistencia,3465,3892
llamarlo,3466,3893
ayudas,3467,3894
esperanzas,3468,3896
disponible,3469,3897
civil,3470,3898
caos,3471,3899
velas,3472,3900
tenerlo,3473,3901
ponerle,3474,3902
muestras,3475,3903
lógica,3476,3905
lógica,4849,3905
casualidad,3477,3906
sigamos,3478,3907
rayo,3479,3908
pato,3480,3909
pato,4802,3909
pagado,3481,3910
máscara,3482,3912
gustado,3483,3913
buscarte,3484,3914
selva,3485,3915
pm,3486,3916
equivoqué,3487,3917
condenado,3488,3918
condenado,5108,3918
cometido,3489,3920
tratan,3490,3922
pudimos,3491,3923
preguntando,3492,3924
tragedia,3493,3925
poli,3494,3926
compañías,3495,3928
charla,3496,3929
mete,3497,3931
malditas,3498,3932
campos,3499,3933
cadáveres,3500,3934
cadáveres,3500,3934
básicamente,3501,3935
vamonos,3502,3936
trucos,3503,3937
preparada,3504,3938
funcionará,3505,3940
conté,3506,3941
contando,3507,3942
construcción,3508,3943
construcción,4950,3943
ciudadanos,3509,3944
agarrar,3510,3945
infeliz,3511,3946
francesa,3512,3947
explica,3513,3948
decide,3514,3949
vende,3515,3950
rutina,3516,3951
gustar,3517,3952
empieces,3518,3953
caída,3519,3954
caída,5149,3954
almorzar,3520,3957
actividad,3521,3958
inocentes,3522,3959
fondos,3523,3960
coraje,3524,3961
ayudando,3525,3962
aterrizar,3526,3963
actuación,3527,3964
suba,3528,3965
ayudante,3529,3966
vuela,3530,3967
vaca,3531,3968
cirujano,3532,3969
tio,3533,3970
olvídate,3534,3971
okay,3535,3972
entregar,3536,3973
encerrado,3537,3974
rubia,3538,3976
joyas,3539,3977
empecemos,3540,3978
amado,3541,3979
terminamos,3542,3981
romanos,3543,3982
piedad,3544,3983
llamarte,3545,3984
hacían,3546,3985
furia,3547,3986
detalle,3548,3987
admitir,3549,3988
tendrías,3550,3989
respiración,3551,3990
prepárate,3552,3991
escribiendo,3553,3992
confundido,3554,3993
vigilando,3555,3995
sufrimiento,3556,3996
saludos,3557,3997
robaste,3558,3998
golpear,3559,3999
garaje,3560,4000
buscaré,3561,4001
revolución,3562,4002
motel,3563,4003
buscaba,3564,4004
alianza,3565,4005
estupidez,3566,4006
disparado,3567,4007
sangrando,3568,4009
quietos,3569,4010
miserable,3570,4011
ideal,3571,4012
empiezo,3572,4013
controla,3573,4014
prometiste,3574,4015
heroína,3575,4016
empezado,3576,4017
empezado,4973,4017
dámelo,3577,4018
vecindario,3578,4019
empleado,3579,4020
conociste,3580,4022
colores,3581,4023
colores,4815,4023
cerebral,3582,4024
plástico,3583,4025
piano,3584,4026
pensamiento,3585,4027
pensamiento,4971,4027
letra,3586,4028
empleados,3587,4029
dosis,3588,4031
dólar,3589,4032
agrada,3590,4033
tocado,3591,4034
tíos,3592,4035
super,3593,4036
rifle,3594,4037
renunciar,3595,4038
incluyendo,3596,4039
hoyo,3597,4040
español,3598,4041
acepta,3599,4042
rueda,3600,4043
municiones,3601,4044
ciudades,3602,4045
béisbol,3603,4046
regresado,3604,4047
pediste,3605,4049
ja,3606,4050
sesión,3607,4051
comprender,3608,4052
tocando,3609,4053
montar,3610,4054
familiares,3611,4055
espía,3612,4056
efectos,3613,4058
efectos,5180,4058
salto,3614,4059
pagó,3615,4061
impacto,3616,4062
emoción,3617,4063
disparos,3618,4064
comando,3619,4065
autorización,3620,4066
informes,3621,4067
informes,4892,4067
honestamente,3622,4069
existencia,3623,4070
demasiada,3624,4071
coches,3625,4072
clara,3626,4073
alcanzar,3627,4075
alcanzar,5155,4075
volviste,3628,4076
octubre,3629,4077
conseguimos,3630,4078
barato,3631,4079
apostar,3632,4080
apostar,5102,4080
requiere,3633,4081
importan,3634,4082
grano,3635,4083
demasiados,3636,4084
casarte,3637,4085
tráeme,3638,4086
progreso,3639,4087
odias,3640,4089
ocurrir,3641,4090
hacías,3642,4091
serías,3643,4092
secretario,3644,4093
rusia,3645,4094
piénsalo,3646,4096
gatito,3647,4097
déme,3648,4099
colección,3649,4100
colección,4977,4100
vais,3650,4101
sufrido,3651,4102
sufrido,5015,4102
ningun,3652,4104
helena,3653,4105
terror,3654,4107
salva,3655,4108
salgas,3656,4111
sacarte,3657,4112
lanza,3658,4113
usó,3659,4115
quince,3660,4116
prometido,3661,4117
preciso,3662,4119
pirata,3663,4120
moral,3664,4121
moneda,3665,4122
haberle,3666,4123
estuvieras,3667,4124
dijimos,3668,4125
cayendo,3669,4126
bajas,3670,4127
viniera,3671,4129
soñando,3672,4130
servirá,3673,4131
moscú,3674,4132
mínimo,3675,4133
mínimo,4959,4133
hermosas,3676,4134
escondido,3677,4135
demostrar,3678,4137
perrito,3679,4138
intente,3680,4140
habrán,3681,4141
experimento,3682,4142
espaldas,3683,4143
diseño,3684,4144
anciano,3686,4148
alfombra,3687,4149
actriz,3688,4151
tono,3689,4152
tono,4931,4152
sentarse,3690,4153
remedio,3691,4154
listas,3692,4155
gris,3693,4157
enviaron,3694,4158
entendiste,3695,4159
disfrutar,3696,4160
contaré,3697,4161
comen,3698,4162
sentada,3699,4163
pregunte,3700,4165
japonés,3701,4166
gritos,3702,4167
dolares,3703,4168
asegurarme,3704,4169
restos,3705,4170
restos,5072,4170
pierdo,3706,4171
motivos,3707,4172
dimos,3708,4173
campeonato,3709,4174
apúrense,3710,4175
unico,3711,4176
reír,3712,4177
prima,3713,4178
maricón,3714,4179
actúa,3715,4180
periodista,3716,4181
luchando,3717,4182
estelar,3718,4183
encontrarás,3720,4185
dejando,3721,4186
adecuado,3722,4187
adecuado,5246,4187
terrorista,3723,4188
hierro,3724,4189
enterrado,3725,4190
sincero,3726,4192
representa,3727,4193
positivo,3728,4194
mereces,3729,4195
italia,3730,4196
fea,3731,4197
acerques,3732,4198
petróleo,3733,4199
encargado,3734,4200
encargado,4914,4200
capítulo,3735,4202
enseñaré,3736,4203
cuentos,3737,4204
breve,3738,4205
atreves,3739,4206
súbete,3740,4207
sed,3741,4208
patético,3742,4209
mostrarte,3743,4210
doctores,3744,4211
carácter,3745,4212
carácter,4808,4212
tuyos,3746,4213
plaza,3747,4214
obispo,3748,4215
necesite,3749,4216
muevan,3750,4217
involucrado,3751,4218
darán,3752,4220
ingleses,3753,4221
usas,3754,4222
ruedas,3755,4223
prácticamente,3756,4224
orejas,3757,4225
golpeó,3758,4226
costado,3759,4227
conducta,3760,4229
toman,3761,4230
suban,3762,4231
médica,3763,4232
manzana,3764,4234
escuadrón,3765,4235
reconozco,3766,4236
ordenes,3767,4237
gallina,3768,4238
cambiando,3769,4239
borde,3770,4240
ataques,3771,4241
actual,3772,4242
pecados,3773,4243
invito,3774,4244
inconsciente,3775,4245
bastardos,3776,4246
abrió,3777,4247
oyeron,3778,4248
intentaba,3779,4249
cuartel,3780,4250
consciente,3781,4251
tranquilízate,3782,4252
suyos,3783,4253
residencia,3784,4254
máxima,3785,4255
llevarla,3786,4256
grasa,3787,4257
células,3788,4258
retrocedan,3789,4259
recepción,3790,4260
medicinas,3791,4261
explotar,3792,4262
corona,3793,4263
callate,3794,4264
calidad,3795,4265
ayúdeme,3796,4266
asesina,3797,4267
absurdo,3798,4270
revés,3799,4271
producto,3800,4272
encontrarla,3801,4273
dj,3802,4274
descansa,3803,4275
copias,3804,4276
apagar,3805,4277
profesionales,3806,4278
práctica,3807,4279
investigando,3808,4280
francamente,3809,4281
afganistán,3810,4282
vecino,3811,4283
trozo,3812,4284
tómate,3813,4285
tercero,3814,4287
sirven,3815,4288
saquen,3816,4289
manual,3817,4290
enciende,3818,4291
cercano,3819,4292
bailando,3820,4293
atras,3821,4294
usarlo,3822,4295
telefono,3823,4296
registros,3824,4297
ponlo,3825,4298
pasta,3826,4299
lleguen,3827,4301
saliste,3828,4302
sabrás,3829,4303
limpieza,3830,4304
estadounidense,3831,4305
enojada,3832,4306
desafortunadamente,3833,4308
conoció,3834,4309
pinta,3835,4310
matamos,3836,4312
funcionan,3837,4313
cocinar,3838,4314
cima,3839,4315
atractivo,3840,4316
preguntes,3841,4317
necesitaré,3842,4318
lleguemos,3843,4319
interrumpir,3844,4320
haberla,3845,4321
apropiado,3846,4322
presentimiento,3847,4323
intentamos,3848,4324
finales,3849,4325
evitarlo,3850,4326
enviaré,3851,4327
deporte,3852,4328
deporte,4885,4328
bajando,3853,4329
sucia,3854,4330
recibimos,3855,4331
pastillas,3856,4332
ceremonia,3857,4333
tina,3858,4334
muelle,3859,4335
maletas,3860,4336
hijas,3861,4337
desconocido,3862,4338
conseguiré,3863,4340
refugio,3864,4341
imagina,3865,4343
franceses,3866,4344
convertirse,3867,4345
arruinado,3868,4346
vomitar,3869,4348
pasajeros,3870,4349
pasajeros,4832,4349
normales,3871,4350
disfraz,3872,4351
continúe,3873,4352
arreglado,3874,4353
aprende,3875,4355
venimos,3876,4356
tenerte,3877,4357
seguirá,3878,4358
razonable,3879,4359
puesta,3880,4360
masaje,3881,4363
lágrimas,3882,4364
gustaria,3883,4365
extranjero,3884,4366
dejaremos,3885,4367
apellido,3886,4368
alguacil,3887,4369
temporal,3888,4370
rompe,3889,4371
mayo,3890,4372
egoísta,3891,4373
aceite,3892,4374
platos,3893,4375
miércoles,3894,4376
indios,3895,4377
decimos,3896,4378
bolsas,3897,4379
anuncio,3898,4380
tirado,3899,4381
notado,3900,4383
mutantes,3901,4385
imaginas,3902,4386
habitaciones,3903,4387
grecia,3904,4388
entré,3905,4389
díselo,3906,4390
césar,3907,4391
comprado,3908,4393
cocaína,3909,4395
amarillo,3910,4396
acabará,3911,4397
suceda,3912,4398
mentes,3913,4399
maldad,3914,4400
gustará,3915,4401
eliminar,3916,4402
corbata,3917,4403
atrapados,3918,4404
sabíamos,3919,4406
merezco,3920,4407
medalla,3921,4408
lograste,3922,4409
jaula,3923,4410
dió,3924,4411
chofer,3925,4412
informado,3926,4413
fatal,3927,4415
enfadado,3928,4416
cubierto,3929,4418
compañera,3930,4420
ronda,3931,4421
cobra,3932,4423
cantante,3933,4425
abrazo,3934,4426
tarjetas,3935,4428
sentarme,3936,4429
refería,3937,4430
indica,3938,4431
gravedad,3939,4432
ganando,3940,4433
estúpidos,3941,4434
elecciones,3942,4435
collar,3943,4436
cincuenta,3944,4437
programas,3945,4438
naturalmente,3946,4439
embajada,3947,4440
desayunar,3948,4441
dejaría,3949,4442
vigila,3950,4443
quisieras,3951,4444
intereses,3952,4445
agárrate,3953,4446
aéreo,3954,4447
traición,3955,4448
seguiré,3956,4449
salvajes,3957,4450
prefiere,3958,4451
podéis,3959,4452
mueres,3960,4453
molestar,3961,4454
italiano,3962,4455
dejarla,3963,4456
corazones,3964,4457
averiguarlo,3965,4458
ave,3966,4459
arreglarlo,3967,4460
advierto,3968,4461
vendiendo,3969,4462
pública,3970,4463
pública,5027,4463
monje,3971,4464
jugamos,3972,4465
hablarme,3973,4466
escoger,3974,4467
andas,3975,4468
ví,3976,4469
pico,3977,4470
llevé,3978,4471
entro,3979,4472
tenias,3980,4473
priorato,3981,4474
perdemos,3982,4475
cretino,3984,4477
cafetería,3985,4478
cabaña,3986,4479
aparecer,3987,4480
tradición,3988,4481
suelto,3989,4482
publicidad,3990,4484
pares,3991,4485
oídos,3992,4487
medida,3993,4488
japoneses,3994,4490
dieta,3995,4491
capa,3996,4492
vendrás,3997,4493
sincronizado,3998,4494
historial,3999,4496
guión,4000,4497
guión,4000,4497
enano,4001,4498
devolver,4002,4499
solitario,4003,4500
misiles,4004,4501
desnuda,4005,4502
vaquero,4006,4504
únicos,4007,4505
trasera,4008,4506
sano,4009,4507
piezas,4010,4508
piezas,4946,4508
liga,4011,4509
gerente,4012,4511
caridad,4013,4512
armados,4014,4513
trajeron,4015,4515
religión,4016,4516
fotografías,4017,4517
sentirse,4018,4518
rezar,4019,4519
protege,4020,4520
preparen,4021,4521
niñera,4022,4522
naranja,4023,4523
matarnos,4024,4525
jugada,4025,4526
espérame,4026,4528
enseñarte,4027,4529
cohete,4028,4530
tanques,4029,4531
sombras,4030,4532
moverse,4031,4533
llegara,4032,4534
cortó,4033,4535
cierren,4034,4536
volverán,4035,4537
usamos,4036,4538
sabremos,4037,4539
maletín,4038,4540
lenguaje,4039,4541
invitación,4040,4542
cambian,4041,4543
rehenes,4042,4544
encontremos,4043,4545
descubrí,4044,4546
audiencia,4045,4547
agenda,4046,4548
sígueme,4047,4549
sensible,4048,4550
reverendo,4049,4551
queréis,4050,4552
cazar,4051,4553
bodas,4052,4554
seguiremos,4053,4555
rosas,4054,4556
retiro,4055,4557
retiro,5172,4557
primeras,4056,4559
poderosa,4057,4560
deberia,4058,4561
cantando,4059,4562
antiguos,4060,4563
teme,4061,4564
síganme,4062,4565
moviendo,4063,4566
juventud,4064,4567
equivocas,4065,4568
trabajadores,4066,4569
seguí,4067,4570
salvaste,4068,4571
pulmones,4069,4572
payaso,4070,4573
oírlo,4071,4574
fama,4072,4575
engaño,4073,4576
distrito,4074,4578
disculparme,4075,4579
ciudadano,4076,4580
ciudadano,5080,4580
robando,4077,4581
equipaje,4078,4582
ciencias,4079,4583
ubicación,4080,4584
federales,4081,4585
tratamos,4082,4586
ofrece,4083,4587
ofrece,5137,4587
junio,4084,4588
extremadamente,4085,4589
actuando,4086,4590
traducción,4087,4591
supiste,4088,4592
sacarlo,4089,4593
preparando,4090,4594
letras,4091,4595
típico,4092,4596
reserva,4093,4597
propuesta,4094,4599
propuesta,4956,4599
plataforma,4095,4602
mago,4096,4603
linea,4097,4604
dude,4098,4605
busque,4099,4606
tabaco,4100,4607
principios,4101,4608
dormida,4102,4609
costó,4103,4611
causar,4104,4612
temer,4105,4613
subiendo,4106,4614
rollo,4107,4615
hechizo,4108,4616
gusano,4109,4618
guau,4110,4619
grupos,4111,4620
discos,4112,4621
despierte,4113,4622
ocurriendo,4114,4623
horario,4115,4624
expedientes,4116,4625
envié,4117,4626
dibujos,4118,4627
concurso,4119,4628
autopista,4120,4629
atacó,4121,4630
vendedor,4122,4631
sigas,4123,4632
rebeldes,4124,4633
radar,4125,4634
expresión,4126,4635
escuchan,4127,4636
use,4128,4637
resultó,4129,4638
principe,4130,4639
hágalo,4131,4640
exposición,4132,4641
demasiadas,4133,4642
cuidando,4134,4643
aterrizaje,4135,4644
apetece,4136,4645
tomaron,4137,4646
sorprendente,4138,4647
responda,4139,4648
olvidaste,4140,4649
lobos,4141,4650
echado,4142,4651
deberias,4143,4653
cortado,4144,4654
citas,4145,4656
abiertos,4146,4657
zapato,4147,4659
preso,4148,4660
lastimar,4149,4661
explosivos,4150,4662
colegas,4151,4663
supieras,4152,4664
secretaria,4153,4665
queridos,4154,4666
morirás,4155,4668
cuero,4156,4669
confesión,4157,4670
círculo,4158,4671
sabéis,4159,4672
química,4160,4673
obras,4161,4674
llores,4162,4676
juegas,4163,4677
invisible,4164,4678
fase,4165,4679
capitan,4167,4681
adulto,4168,4682
vacía,4169,4683
siéntense,4170,4684
pastor,4171,4685
llegada,4172,4686
gatillo,4173,4688
debamos,4174,4689
teléfonos,4175,4690
saqué,4176,4691
regresará,4177,4692
olvidaré,4178,4693
límites,4179,4694
jovencita,4180,4695
dibujo,4181,4696
británico,4182,4698
balboa,4183,4699
psiquiatra,4184,4700
objetos,4185,4701
negociar,4186,4702
formar,4187,4703
fiel,4188,4704
diosa,4189,4705
descubrió,4190,4706
ala,4191,4707
abril,4192,4708
saldré,4193,4709
mías,4194,4710
disfruta,4195,4711
atender,4196,4712
tomaremos,4197,4713
oreja,4198,4714
necesitaremos,4199,4715
motores,4200,4716
intenciones,4201,4717
cumplido,4202,4718
brindis,4203,4720
villa,4204,4721
trono,4205,4722
traen,4206,4723
sentados,4207,4724
samurai,4208,4726
salía,4209,4727
raras,4210,4728
producción,4211,4729
producción,4878,4729
medias,4212,4730
lavar,4213,4731
jazz,4214,4732
extraordinario,4215,4733
causado,4216,4734
serpientes,4217,4736
revisa,4218,4737
quedate,4219,4738
nervios,4220,4739
estable,4221,4740
cerdos,4222,4741
riesgos,4223,4742
pasaste,4224,4743
madres,4225,4744
instinto,4226,4745
episodio,4227,4746
empezaron,4228,4747
aniversario,4229,4748
viera,4230,4749
viajes,4231,4750
trabajé,4232,4751
preocupación,4234,4753
preocupación,4978,4753
métete,4235,4754
imaginé,4236,4755
hayamos,4237,4756
fenómeno,4238,4757
dolores,4239,4758
demanda,4240,4759
creó,4241,4761
asegurar,4242,4762
asegurar,5030,4762
pesadillas,4243,4763
niega,4244,4764
molestia,4245,4765
extremo,4246,4766
debilidad,4247,4767
compasión,4248,4768
camiones,4249,4769
aproximadamente,4250,4770
afecta,4251,4771
afecta,4904,4771
administración,4252,4772
reconocimiento,4253,4773
reconocimiento,4910,4773
recientemente,4254,4774
practicar,4255,4775
pierdas,4256,4776
pandilla,4257,4777
miss,4258,4778
mates,4259,4779
disparando,4260,4781
británicos,4261,4782
ayudarlos,4262,4783
sueldo,4263,4784
siguió,4264,4785
significado,4265,4786
miente,4266,4788
medidas,4267,4789
guitarra,4268,4791
custodia,4269,4792
boletos,4270,4793
ayudado,4271,4794
sentarte,4272,4795
risa,4273,4796
quemar,4274,4797
prometió,4275,4798
observando,4276,4799
lectura,4277,4800
jódete,4278,4801
considerado,4279,4802
cometer,4280,4804
cambié,4281,4805
asientos,4282,4806
satisfecho,4283,4807
saludable,4284,4809
lanzar,4285,4810
conozca,4287,4812
concepto,4288,4813
colgar,4289,4814
apunta,4290,4815
renta,4291,4816
prefieres,4292,4818
pediré,4293,4819
mediodía,4294,4820
influencia,4295,4821
hacernos,4296,4822
figura,4297,4823
ensayo,4298,4825
coordenadas,4299,4827
casó,4300,4828
político,4301,4829
países,4302,4830
once,4303,4831
matarlos,4304,4832
graduación,4305,4833
frase,4306,4834
eterna,4307,4835
estarlo,4308,4836
descuida,4309,4837
toalla,4310,4838
próximos,4311,4839
monedas,4312,4840
mirad,4313,4841
miraba,4314,4842
griegos,4315,4843
famosa,4316,4844
corredor,4317,4845
atravesar,4318,4846
aguas,4319,4847
modales,4320,4848
guerras,4321,4849
eternidad,4322,4850
conocerla,4323,4851
busquen,4324,4852
acuerda,4325,4853
sentirme,4326,4855
quema,4327,4856
poema,4328,4857
ordenó,4329,4858
ordenó,5013,4858
espiritual,4330,4859
costumbre,4331,4860
comencé,4332,4861
cabra,4333,4862
alquiler,4334,4863
vencido,4335,4864
vela,4336,4866
trataré,4337,4868
sospechosos,4338,4869
quinto,4339,4870
pilotos,4340,4871
perdieron,4341,4872
generación,4342,4873
generación,4881,4873
formación,4343,4874
formación,5046,4874
estructura,4344,4875
concéntrate,4345,4876
complejo,4346,4877
voces,4347,4878
tragos,4348,4879
temor,4349,4880
recursos,4351,4882
presentación,4352,4883
pirámide,4353,4884
oficialmente,4354,4885
maquillaje,4355,4886
guardaespaldas,4356,4887
escucharme,4357,4888
dejara,4358,4889
contiene,4359,4890
bendición,4360,4891
vuestros,4361,4892
semejante,4362,4893
pague,4363,4894
molestes,4364,4895
cultura,4365,4896
comió,4366,4897
antecedentes,4367,4898
tendríamos,4368,4899
representante,4369,4900
prestado,4370,4901
posesión,4371,4903
oir,4372,4904
nubes,4373,4905
meterte,4374,4906
guantes,4375,4907
esperabas,4376,4908
enseña,4377,4909
encontrarme,4378,4910
consejos,4379,4911
regreses,4380,4912
preocupen,4381,4913
pistolas,4382,4914
gane,4383,4915
sos,4384,4916
niveles,4385,4917
ganaste,4386,4918
considerando,4387,4919
capital,4388,4920
cambie,4389,4921
ánimo,4390,4922
utilizar,4391,4923
utilizar,5090,4923
lograrlo,4392,4924
llévate,4393,4925
gafas,4394,4926
espíritus,4395,4927
preguntaste,4396,4928
pagará,4397,4929
maíz,4398,4930
estacionamiento,4399,4931
contactos,4400,4932
aguja,4401,4934
trenes,4402,4935
soporto,4403,4936
sacaré,4404,4937
oido,4405,4938
fortaleza,4406,4939
corea,4407,4940
conversar,4408,4941
computadoras,4409,4942
cálmese,4410,4943
volante,4411,4944
sucederá,4412,4945
decías,4413,4946
data,4414,4947
cuente,4415,4948
civilización,4416,4949
cabrones,4417,4950
arruinar,4418,4951
vampiro,4419,4952
tocó,4420,4953
regresé,4421,4954
pases,4422,4955
fantástica,4423,4956
facil,4424,4957
estabamos,4425,4958
diera,4426,4959
detenga,4427,4960
violación,4428,4961
hemorragia,4429,4962
fianza,4430,4963
docena,4431,4964
centavo,4432,4965
célula,4433,4966
carreras,4434,4967
callado,4435,4968
prometes,4437,4971
profundamente,4438,4972
posiciones,4439,4973
hicieras,4440,4974
furioso,4441,4975
desperté,4442,4976
comes,4443,4977
ciega,4444,4978
cicatriz,4445,4979
bebidas,4446,4980
acércate,4447,4983
tiró,4448,4984
policial,4449,4985
pasear,4450,4986
masa,4451,4987
llegues,4452,4988
global,4453,4989
escapado,4454,4990
dinos,4455,4992
cuarta,4456,4993
bienes,4457,4994
aparato,4458,4995
sostén,4459,4996
realizar,4460,4998
permitiré,4461,4999
orgullosos,4462,5000
corten,4463,5001
comisión,4464,5002
comisión,5032,5002
vidrio,4465,5003
presa,4466,5004
ocupados,4467,5006
morfina,4468,5008
habrían,4469,5009
columna,4470,5010
sacaron,4471,5011
patas,4472,5012
oírme,4473,5013
ocultar,4474,5014
objeción,4475,5015
maneja,4476,5016
largas,4477,5017
generalmente,4478,5019
fuentes,4479,5020
cubrir,4480,5021
ataca,4481,5022
tenis,4482,5023
santos,4483,5024
potencial,4484,5025
plano,4485,5026
levante,4486,5027
escala,4487,5028
enfrentar,4488,5030
cuánta,4489,5031
sobra,4490,5033
rumor,4491,5035
páginas,4492,5036
órganos,4493,5037
león,4494,5038
entras,4495,5039
decían,4496,5040
chinos,4497,5041
brujas,4498,5042
barbara,4499,5043
admiro,4500,5045
voto,4501,5046
volvieron,4502,5048
suelte,4503,5049
reto,4504,5050
metes,4505,5052
infarto,4506,5053
cuyo,4507,5054
cuyo,4998,5054
construyó,4508,5055
boleto,4509,5056
besar,4510,5057
portal,4511,5058
ponemos,4512,5059
monte,4513,5060
discusión,4514,5061
discusión,4985,5061
digno,4515,5062
desean,4516,5063
darse,4517,5064
considerar,4518,5065
bancos,4519,5066
poción,4520,5067
perdóneme,4521,5068
pensabas,4522,5069
generoso,4523,5070
estatua,4524,5071
convencer,4525,5072
conocida,4526,5073
comenzamos,4527,5076
aceptado,4528,5077
rob,4529,5079
importar,4530,5081
fracaso,4531,5082
ciertos,4532,5084
bomberos,4533,5085
sorprendido,4534,5086
protegido,4535,5088
presenta,4536,5090
metí,4537,5091
entenderlo,4538,5092
detengan,4539,5093
conflicto,4540,5094
conflicto,4974,5094
códigos,4541,5095
seco,4542,5096
sabiendo,4543,5097
hacerla,4544,5098
graves,4545,5099
dejarás,4546,5100
convencido,4547,5101
comprende,4548,5103
bromas,4549,5104
oyen,4550,5105
moleste,4551,5106
mencionar,4552,5107
gastos,4553,5108
estaríamos,4554,5109
esperaremos,4555,5110
encontrarán,4556,5111
billetes,4557,5112
arco,4558,5113
altos,4559,5114
actores,4560,5115
talvez,4561,5116
sitios,4562,5117
saluda,4563,5118
quejas,4564,5119
planeando,4565,5121
moriremos,4566,5122
marica,4567,5123
habrías,4568,5124
estarían,4569,5125
dejarán,4570,5126
amantes,4571,5127
acostumbrado,4572,5128
torneo,4573,5130
planos,4574,5132
ordeno,4575,5133
miré,4576,5134
maldicion,4577,5135
kg,4578,5136
dirías,4579,5138
confirmado,4580,5139
vacas,4581,5141
quirófano,4582,5142
ponerlo,4583,5143
origen,4584,5144
fusión,4585,5145
deberá,4586,5146
deberá,5121,5146
verdaderos,4587,5147
serían,4588,5148
seguía,4589,5149
sabrán,4590,5150
necesidades,4592,5152
lavado,4593,5153
galaxia,4594,5155
fresca,4595,5156
doloroso,4596,5157
comenzado,4597,5158
uñas,4598,5159
trajes,4599,5160
perfil,4600,5161
necesitará,4601,5162
manejando,4602,5163
lola,4603,5164
lentes,4604,5167
engañar,4605,5169
cállense,4606,5170
bate,4607,5171
automático,4608,5173
tuyas,4609,5174
quedarás,4610,5175
profunda,4611,5176
piensen,4612,5177
permiten,4613,5178
heredero,4614,5179
entraron,4615,5180
canadá,4616,5181
caminos,4617,5182
sintió,4618,5183
robé,4619,5184
porno,4620,5185
lejano,4621,5186
intercambio,4622,5187
hojas,4623,5189
dispare,4624,5190
cuan,4625,5191
champaña,4626,5192
atractiva,4627,5193
terminal,4628,5194
rita,4629,5195
poesía,4630,5197
pierda,4631,5198
expertos,4632,5199
ensalada,4633,5200
convertir,4634,5201
calientes,4635,5202
autopsia,4636,5203
tristeza,4637,5204
tiendas,4638,5205
mafia,4639,5207
jodas,4640,5208
escuchó,4641,5209
enormes,4642,5210
denme,4643,5211
atacaron,4644,5212
almacén,4645,5213
sufrió,4646,5214
productos,4647,5215
productor,4648,5216
permitido,4649,5217
pegó,4650,5219
matarla,4651,5220
interno,4652,5221
interna,4653,5222
infantil,4654,5224
españa,4655,5225
diarios,4656,5226
combinación,4657,5227
acompañe,4658,5228
ropas,4659,5229
pondremos,4660,5230
metiste,4661,5231
esencia,4662,5232
brillantes,4663,5233
bingo,4664,5234
sordo,4665,5235
sacas,4666,5236
rancho,4667,5237
objetivos,4668,5238
muebles,4669,5239
mencionó,4670,5240
estupido,4671,5241
enterado,4672,5242
documento,4673,5244
vencer,4674,5245
sintiendo,4675,5246
quieta,4676,5247
período,4677,5248
oportunidades,4678,5249
oportunidades,5181,5249
monos,4679,5250
mercancía,4680,5251
lastimado,4681,5252
internos,4682,5254
hueco,4683,5255
golpea,4684,5256
evento,4685,5257
estudiando,4686,5258
elige,4687,5259
crecido,4688,5260
conspiración,4689,5262
avenida,4690,5263
tremendo,4691,5264
tocas,4692,5265
sabias,4693,5266
raya,4694,5268
líos,4695,5270
invitar,4696,5271
homicidios,4697,5272
herramientas,4698,5273
derrota,4700,5275
cervezas,4701,5276
terminará,4702,5277
llenar,4703,5278
líderes,4704,5279
ganan,4705,5280
fingir,4706,5281
estrategia,4707,5282
dirán,4708,5283
confías,4709,5284
cómoda,4710,5285
comience,4711,5287
cenizas,4712,5288
capaces,4713,5289
temía,4714,5290
sonríe,4715,5291
quite,4716,5292
necesites,4717,5293
mostrarle,4718,5294
mordió,4719,5295
jefa,4720,5296
fallo,4721,5297
empiezan,4722,5299
dispositivo,4723,5300
detesto,4724,5301
aprendiste,4725,5302
aman,4726,5303
agradecido,4727,5304
agáchate,4728,5306
terminaste,4729,5307
sida,4730,5308
mueras,4731,5309
mentí,4732,5310
lujo,4733,5311
láser,4734,5312
importe,4735,5313
físico,4736,5315
caes,4737,5316
tiros,4738,5317
miran,4739,5318
hadas,4740,5319
ganancias,4741,5320
fritas,4742,5321
fantasía,4743,5322
deténgase,4744,5323
déjenlo,4745,5324
curar,4746,5325
comidas,4747,5326
quisiste,4748,5329
pacífico,4749,5330
oler,4750,5331
ofreció,4751,5332
importaba,4752,5333
actividades,4754,5335
vestidos,4755,5336
suele,4756,5337
submarino,4757,5338
podrias,4758,5339
pesa,4759,5340
judas,4760,5342
idioma,4761,5343
identificar,4762,5344
hubiéramos,4763,5345
cañones,4764,5346
beneficios,4765,5347
sospecha,4766,5348
observación,4767,5350
muchachas,4768,5351
manejo,4769,5352
jodiendo,4770,5354
explicarlo,4771,5355
divino,4772,5356
divertida,4773,5357
despegue,4774,5359
contrató,4775,5361
volumen,4776,5362
trabajó,4777,5363
términos,4778,5364
morirán,4779,5365
hombros,4780,5366
hada,4781,5367
alegre,4782,5368
terribles,4783,5369
temes,4784,5370
sabiduría,4785,5371
prioridad,4786,5372
pluma,4787,5373
misil,4788,5374
mansión,4789,5375
detenerme,4790,5376
despertó,4791,5377
decírmelo,4792,5378
cambiará,4793,5379
arranca,4794,5380
alejado,4795,5381
soltero,4796,5383
pierden,4797,5384
mascota,4798,5385
empuja,4799,5386
dentista,4800,5387
ordenador,4810,5729
incapaz,4819,5775
colgado,4820,6726
impulso,4830,6012
consulta,4839,6280
empezar,4852,849
empezar,5198,849
cubierta,4869,3016
observar,4877,6196
compañía,4880,804
procedimiento,4884,3355
pena,4886,864
clásico,4895,5961
participar,4903,5606
reciente,4913,6514
encuentra,4920,1101
dedicado,4930,5902
construido,4938,6664
retirada,4955,6058
dificultades,4980,6622
nació,4997,3026
alcalde,5003,3083
responsables,5034,6677
lograr,5043,3210
abandonar,5056,3266
dirigir,5060,5545
reconocer,5062,6226
mecanismo,5064,6373
vía,5069,3040
vía,5094,3040
cumple,5077,6297
incluye,5081,5745
lanzamiento,5082,3275
consiguió,5083,3137
ejecución,5117,6122
trataba,5120,3106
mantiene,5123,3048
supone,5129,900
amenazas,5138,6489
conclusión,5158,6529
evidente,5161,6523
asistencia,5182,6181
dirige,5193,3044
aumento,5194,5565
aumento,5248,5565
ordenar,5195,6396
superar,5197,5739
concentración,5206,6623
aparentemente,5207,3142
negocio,5211,828
menores,5223,5900
abandonó,5233,5460
merecen,5238,6120
avanzar,5243,5501
